image_url,file_id,source_file,url_year,url_month,date,neighborhood,url_neighborhood,total_count,temp,rain
http://ds.civicknowledge.org/downtownsandiego.org/homeless-count/gaslamp/201801-007.png,1+VNSWKPSeaP9tCNcDBttFERz5ShCwWDB3nFdA==,/Users/eric/Google Sync/sandiegodata.org/Projects/Downtown Partnership Homeless/Annotations/complete/count/gaslamp-homeless-2018.json,2018,1,2018-01-24,gaslamp,gaslamp,44.0,52.0,clear
http://ds.civicknowledge.org/downtownsandiego.org/homeless-count/gaslamp/201802-007.png,1QhVjL/Wldqt4GuayIgonXlakyvaH1mFXnuM4Q==,/Users/eric/Google Sync/sandiegodata.org/Projects/Downtown Partnership Homeless/Annotations/complete/count/gaslamp-homeless-2018.json,2018,2,2018-02-21,gaslamp,gaslamp,84.0,52.0,
http://ds.civicknowledge.org/downtownsandiego.org/homeless-count/gaslamp/201803-007.png,HeTq4NUb6SibcePiFf38/I9hH18b8QFVMy7CEQ==,/Users/eric/Google Sync/sandiegodata.org/Projects/Downtown Partnership Homeless/Annotations/complete/count/gaslamp-homeless-2018.json,2018,3,2018-03-28,gaslamp,gaslamp,93.0,59.0,clear
http://ds.civicknowledge.org/downtownsandiego.org/homeless-count/gaslamp/201804-007.png,X0hZ11Wses2vsnM5PEopC+0txD7ilh09V9MdMA==,/Users/eric/Google Sync/sandiegodata.org/Projects/Downtown Partnership Homeless/Annotations/complete/count/gaslamp-homeless-2018.json,2018,4,2018-04-25,gaslamp,gaslamp,51.0,,clear
http://ds.civicknowledge.org/downtownsandiego.org/homeless-count/gaslamp/201805-007.png,U288AZMit4z4lyorhTO1SZRrT/c+vNACk+4vKA==,/Users/eric/Google Sync/sandiegodata.org/Projects/Downtown Partnership Homeless/Annotations/complete/count/gaslamp-homeless-2018.json,2018,5,2018-05-31,gaslamp,gaslamp,65.0,60.0,clear
http://ds.civicknowledge.org/downtownsandiego.org/homeless-count/gaslamp/201806-007.png,XGRn5JMT6w9PjV3ydSJM0Ff5PQ+Rt43dRxjyBg==,/Users/eric/Google Sync/sandiegodata.org/Projects/Downtown Partnership Homeless/Annotations/complete/count/gaslamp-homeless-2018.json,2018,6,2018-06-28,gaslamp,gaslamp,39.0,63.0,clear
http://ds.civicknowledge.org/downtownsandiego.org/homeless-count/core/201402-003.png,YszDNnYU2hFQUU8sV8cVjeZnl7WIh+HmSig/4A==,/Users/eric/Google Sync/sandiegodata.org/Projects/Downtown Partnership Homeless/Annotations/complete/count/core-homeless-2014.json,2014,2,2014-02-28,core,core,159.0,,
http://ds.civicknowledge.org/downtownsandiego.org/homeless-count/core/201403-003.png,i8+jr3qAo6NzHx7k7cx+E3jaRz7sASHqOyrDDQ==,/Users/eric/Google Sync/sandiegodata.org/Projects/Downtown Partnership Homeless/Annotations/complete/count/core-homeless-2014.json,2014,3,2014-03-31,core,core,167.0,,
http://ds.civicknowledge.org/downtownsandiego.org/homeless-count/core/201404-003.png,82XhzYH12ACmlBF6ig+EhmqvimZsbbgWTt95Mw==,/Users/eric/Google Sync/sandiegodata.org/Projects/Downtown Partnership Homeless/Annotations/complete/count/core-homeless-2014.json,2014,4,2014-04-30,core,core,143.0,,
http://ds.civicknowledge.org/downtownsandiego.org/homeless-count/core/201405-005.png,A8AEp95jps25cp3omsMHgP5eiVzNsHZPP20KHw==,/Users/eric/Google Sync/sandiegodata.org/Projects/Downtown Partnership Homeless/Annotations/complete/count/core-homeless-2014.json,2014,5,2014-05-31,core,core,126.0,,
http://ds.civicknowledge.org/downtownsandiego.org/homeless-count/core/201406-003.png,b9F8bRdzyjJnIcwZZIkw1UiCIjBBYiJIq+Sjlg==,/Users/eric/Google Sync/sandiegodata.org/Projects/Downtown Partnership Homeless/Annotations/complete/count/core-homeless-2014.json,2014,6,2014-06-30,core,core,140.0,,
http://ds.civicknowledge.org/downtownsandiego.org/homeless-count/core/201407-003.png,cUvbp/70OrT2+p51trFxaRP8cnNi1Vupa9+E0Q==,/Users/eric/Google Sync/sandiegodata.org/Projects/Downtown Partnership Homeless/Annotations/complete/count/core-homeless-2014.json,2014,7,2014-07-31,core,core,155.0,,
http://ds.civicknowledge.org/downtownsandiego.org/homeless-count/core/201410-003.png,F/GJB34eyZCz8gh0p9/U0ddAwGVCmqNzMCDgTA==,/Users/eric/Google Sync/sandiegodata.org/Projects/Downtown Partnership Homeless/Annotations/complete/count/core-homeless-2014.json,2014,10,2014-10-31,core,core,123.0,,
http://ds.civicknowledge.org/downtownsandiego.org/homeless-count/core/201411-003.png,9b6Q+sijoAiOy+QgScF2bXFCePnDdFAodqZB5Q==,/Users/eric/Google Sync/sandiegodata.org/Projects/Downtown Partnership Homeless/Annotations/complete/count/core-homeless-2014.json,2014,11,2014-11-30,core,core,133.0,,
http://ds.civicknowledge.org/downtownsandiego.org/homeless-count/core/201412-004.png,zFlpK7wYbpnp4jRxBdQlULy94Xy7ZgfKlU/eug==,/Users/eric/Google Sync/sandiegodata.org/Projects/Downtown Partnership Homeless/Annotations/complete/count/core-homeless-2014.json,2014,12,2014-12-31,core,core,172.0,,
http://ds.civicknowledge.org/downtownsandiego.org/homeless-count/gaslamp/201401-003.png,14OYAvWjX8F3zgBibFmWcFC4xQ20kbRnuFByvQ==,/Users/eric/Google Sync/sandiegodata.org/Projects/Downtown Partnership Homeless/Annotations/complete/count/gaslamp-homeless-2014.json,2014,1,2014-01-03,gaslamp,gaslamp,18.0,,
http://ds.civicknowledge.org/downtownsandiego.org/homeless-count/gaslamp/201403-005.png,/LOODmAl0tQJm2NWHoH09wKpxQz+xID1o51s4w==,/Users/eric/Google Sync/sandiegodata.org/Projects/Downtown Partnership Homeless/Annotations/complete/count/gaslamp-homeless-2014.json,2014,3,2014-03-05,gaslamp,gaslamp,29.0,,
http://ds.civicknowledge.org/downtownsandiego.org/homeless-count/gaslamp/201404-006.png,db1Z2/EczLx+l8GtgcpUBLqXTFQOHcryHz9Hyw==,/Users/eric/Google Sync/sandiegodata.org/Projects/Downtown Partnership Homeless/Annotations/complete/count/gaslamp-homeless-2014.json,2014,4,2014-04-06,gaslamp,gaslamp,18.0,,
http://ds.civicknowledge.org/downtownsandiego.org/homeless-count/gaslamp/201405-004.png,8XCnf9ZwsuraPhk5Ukj4PHy8VLKszUew3Hr7WA==,/Users/eric/Google Sync/sandiegodata.org/Projects/Downtown Partnership Homeless/Annotations/complete/count/gaslamp-homeless-2014.json,2014,5,2014-05-04,gaslamp,gaslamp,14.0,,
http://ds.civicknowledge.org/downtownsandiego.org/homeless-count/gaslamp/201406-006.png,6HF+/ncAeu5ejzL00lpOMefzyHlhqC6vd4spNw==,/Users/eric/Google Sync/sandiegodata.org/Projects/Downtown Partnership Homeless/Annotations/complete/count/gaslamp-homeless-2014.json,2014,6,2014-06-06,gaslamp,gaslamp,24.0,,
http://ds.civicknowledge.org/downtownsandiego.org/homeless-count/gaslamp/201407-006.png,yxdU6KgpDH8D1p/JAtCZnbNc8KcTyA+Npmhx0g==,/Users/eric/Google Sync/sandiegodata.org/Projects/Downtown Partnership Homeless/Annotations/complete/count/gaslamp-homeless-2014.json,2014,7,2014-07-06,gaslamp,gaslamp,30.0,,
http://ds.civicknowledge.org/downtownsandiego.org/homeless-count/gaslamp/201410-006.png,poQ7VBO0D43MU/GDv5uqBCESef4+5pucOO6PAw==,/Users/eric/Google Sync/sandiegodata.org/Projects/Downtown Partnership Homeless/Annotations/complete/count/gaslamp-homeless-2014.json,2014,10,2014-10-06,gaslamp,gaslamp,16.0,,
http://ds.civicknowledge.org/downtownsandiego.org/homeless-count/gaslamp/201411-006.png,4zt6ZEbV4BoDMiZeYRvp+GMCuDN4DH9DOLVr4A==,/Users/eric/Google Sync/sandiegodata.org/Projects/Downtown Partnership Homeless/Annotations/complete/count/gaslamp-homeless-2014.json,2014,11,2014-11-06,gaslamp,gaslamp,15.0,,
http://ds.civicknowledge.org/downtownsandiego.org/homeless-count/gaslamp/201412-005.png,JxcOAoPU8bR+2VIrzqNn8FyX5a7AI/WqRLI8Ww==,/Users/eric/Google Sync/sandiegodata.org/Projects/Downtown Partnership Homeless/Annotations/complete/count/gaslamp-homeless-2014.json,2014,12,2014-12-05,gaslamp,gaslamp,16.0,,
http://ds.civicknowledge.org/downtownsandiego.org/homeless-count/marina/201601-003.png,ZtcHyQewHsJ7zTd9LuLd1NZT+h9agMYomrfmuA==,/Users/eric/Google Sync/sandiegodata.org/Projects/Downtown Partnership Homeless/Annotations/complete/count/marina-homeless-2016.json,2016,1,2016-01-29,marina,marina,28.0,,clear
http://ds.civicknowledge.org/downtownsandiego.org/homeless-count/marina/201602-002.png,3rffZZ//NDM4oHRjOFi+wQmuGWCqDcFGlK1S2A==,/Users/eric/Google Sync/sandiegodata.org/Projects/Downtown Partnership Homeless/Annotations/complete/count/marina-homeless-2016.json,2016,2,2016-02-28,marina,marina,33.0,,clear
http://ds.civicknowledge.org/downtownsandiego.org/homeless-count/marina/201603-003.png,FciWvG9qrq3OoXPsUrUZ1fwhBWne0f1GQw34bQ==,/Users/eric/Google Sync/sandiegodata.org/Projects/Downtown Partnership Homeless/Annotations/complete/count/marina-homeless-2016.json,2016,3,2016-03-01,marina,marina,22.0,,clear
http://ds.civicknowledge.org/downtownsandiego.org/homeless-count/marina/201604-003.png,LZ1qwia0pxeoqfiRoHn0K/pf71iCNspT+rg/Ig==,/Users/eric/Google Sync/sandiegodata.org/Projects/Downtown Partnership Homeless/Annotations/complete/count/marina-homeless-2016.json,2016,4,2016-04-01,marina,marina,27.0,,clear
http://ds.civicknowledge.org/downtownsandiego.org/homeless-count/marina/201605-003.png,SMP9dZtR7VFsiA0o5s9jckL/5RXb4Gug4CWkXA==,/Users/eric/Google Sync/sandiegodata.org/Projects/Downtown Partnership Homeless/Annotations/complete/count/marina-homeless-2016.json,2016,5,2016-05-01,marina,marina,38.0,,clear
http://ds.civicknowledge.org/downtownsandiego.org/homeless-count/marina/201606-003.png,Og66w6Czui20T6tvL8jFHsf1767A82JAOLxbcg==,/Users/eric/Google Sync/sandiegodata.org/Projects/Downtown Partnership Homeless/Annotations/complete/count/marina-homeless-2016.json,2016,6,2016-06-30,marina,marina,38.0,,clear
http://ds.civicknowledge.org/downtownsandiego.org/homeless-count/marina/201607-003.png,KzSx2KB4atVQi1Cnesq+vKpupZBw2AiciUA46Q==,/Users/eric/Google Sync/sandiegodata.org/Projects/Downtown Partnership Homeless/Annotations/complete/count/marina-homeless-2016.json,2016,7,2016-07-28,marina,marina,45.0,,clear
http://ds.civicknowledge.org/downtownsandiego.org/homeless-count/marina/201608-003.png,ByoKn+iUEBD1ZpeuA90DjCMYMartx+iuuGWGww==,/Users/eric/Google Sync/sandiegodata.org/Projects/Downtown Partnership Homeless/Annotations/complete/count/marina-homeless-2016.json,2016,8,2016-08-24,marina,marina,51.0,,clear
http://ds.civicknowledge.org/downtownsandiego.org/homeless-count/marina/201609-003.png,y2BN6G/u3h6WVQ53VklXxawzic4ufwwAQauU7w==,/Users/eric/Google Sync/sandiegodata.org/Projects/Downtown Partnership Homeless/Annotations/complete/count/marina-homeless-2016.json,2016,9,2016-09-01,marina,marina,48.0,,clear
http://ds.civicknowledge.org/downtownsandiego.org/homeless-count/marina/201610-003.png,1UZFSAk+jOwMokSxOUrfJ9rnDYvYZSo+JVh6NQ==,/Users/eric/Google Sync/sandiegodata.org/Projects/Downtown Partnership Homeless/Annotations/complete/count/marina-homeless-2016.json,2016,10,2016-10-27,marina,marina,44.0,,clear
http://ds.civicknowledge.org/downtownsandiego.org/homeless-count/marina/201611-003.png,8kSTxjlgDGrLa3AuRrX91+NIDjtlOjItj2S5Kg==,/Users/eric/Google Sync/sandiegodata.org/Projects/Downtown Partnership Homeless/Annotations/complete/count/marina-homeless-2016.json,2016,11,2016-11-23,marina,marina,18.0,50.0,clear
http://ds.civicknowledge.org/downtownsandiego.org/homeless-count/marina/201612-003.png,eA0cY9Xm85axckdA0V5DCqupxS33mF4oa71/HA==,/Users/eric/Google Sync/sandiegodata.org/Projects/Downtown Partnership Homeless/Annotations/complete/count/marina-homeless-2016.json,2016,12,2016-12-29,marina,marina,36.0,48.0,
http://ds.civicknowledge.org/downtownsandiego.org/homeless-count/core/201801-003.png,l4xoAvEQP3HbYSDC34uaoURS9NGCY7pUCET1XA==,/Users/eric/Google Sync/sandiegodata.org/Projects/Downtown Partnership Homeless/Annotations/complete/count/core-homeless-2018.json,2018,1,2018-01-24,core,core,117.0,52.0,clear
http://ds.civicknowledge.org/downtownsandiego.org/homeless-count/core/201802-003.png,vxzTTHAp7AHcL/1U+XeOTRq2fJ1Ri06SoWKlrw==,/Users/eric/Google Sync/sandiegodata.org/Projects/Downtown Partnership Homeless/Annotations/complete/count/core-homeless-2018.json,2018,2,2018-02-21,core,core,148.0,52.0,clear
http://ds.civicknowledge.org/downtownsandiego.org/homeless-count/core/201803-003.png,m6a0afqVk7BRD59+KmVzHYE6wDsVjRlCQg8lTQ==,/Users/eric/Google Sync/sandiegodata.org/Projects/Downtown Partnership Homeless/Annotations/complete/count/core-homeless-2018.json,2018,3,2018-03-28,core,core,126.0,59.0,
http://ds.civicknowledge.org/downtownsandiego.org/homeless-count/core/201804-003.png,byHyvu9bvgSNjHkdFV08CM4azYuemthD2Q2BxQ==,/Users/eric/Google Sync/sandiegodata.org/Projects/Downtown Partnership Homeless/Annotations/complete/count/core-homeless-2018.json,2018,4,2018-04-25,core,core,109.0,,clear
http://ds.civicknowledge.org/downtownsandiego.org/homeless-count/core/201805-003.png,mmHm0j9ut3RrZ33icA2RtnBD4P9/fvgDd685hw==,/Users/eric/Google Sync/sandiegodata.org/Projects/Downtown Partnership Homeless/Annotations/complete/count/core-homeless-2018.json,2018,5,2018-05-03,core,core,167.0,60.0,clear
http://ds.civicknowledge.org/downtownsandiego.org/homeless-count/core/201806-003.png,+xE/b1f+MV2gjI9pRXxEqjhrKdJSUSpV9m9gfA==,/Users/eric/Google Sync/sandiegodata.org/Projects/Downtown Partnership Homeless/Annotations/complete/count/core-homeless-2018.json,2018,6,2018-06-28,core,core,114.0,63.0,clear
http://ds.civicknowledge.org/downtownsandiego.org/homeless-count/cortez/201501-003.png,7ZSCuke4ADlyYrtFu2fiX5XTTzkUa6CP3V0ZpA==,/Users/eric/Google Sync/sandiegodata.org/Projects/Downtown Partnership Homeless/Annotations/complete/count/cortez-homeless-2015.json,2015,1,2015-01-31,cortez,cortez,52.0,,clear
http://ds.civicknowledge.org/downtownsandiego.org/homeless-count/cortez/201502-005.png,B9H2aDLEhmmuZ/toLXKqGS3rwUWizXjcBksIjQ==,/Users/eric/Google Sync/sandiegodata.org/Projects/Downtown Partnership Homeless/Annotations/complete/count/cortez-homeless-2015.json,2015,2,2015-02-25,cortez,cortez,33.0,,clear
http://ds.civicknowledge.org/downtownsandiego.org/homeless-count/cortez/201503-006.png,odpAjeZMo/i7u62Q6E5Gy4W5C8/0Zj2QOxh06A==,/Users/eric/Google Sync/sandiegodata.org/Projects/Downtown Partnership Homeless/Annotations/complete/count/cortez-homeless-2015.json,2015,3,2015-03-26,cortez,cortez,59.0,,clear
http://ds.civicknowledge.org/downtownsandiego.org/homeless-count/cortez/201504-005.png,VM6ux0fXVeirgX1AkpDRJ2wqJfXRnBWFCsHgUw==,/Users/eric/Google Sync/sandiegodata.org/Projects/Downtown Partnership Homeless/Annotations/complete/count/cortez-homeless-2015.json,2015,4,2015-04-30,cortez,cortez,40.0,,clear
http://ds.civicknowledge.org/downtownsandiego.org/homeless-count/cortez/201505-005.png,vU1ChnRTdokuMI2QqCu38ONXN4j4aFrgH4L4pw==,/Users/eric/Google Sync/sandiegodata.org/Projects/Downtown Partnership Homeless/Annotations/complete/count/cortez-homeless-2015.json,2015,5,2015-05-31,cortez,cortez,43.0,,clear
http://ds.civicknowledge.org/downtownsandiego.org/homeless-count/cortez/201507-004.png,x5GOhdAkmfmNClEfvU8r5dxVef7+HfQLhk0Xdg==,/Users/eric/Google Sync/sandiegodata.org/Projects/Downtown Partnership Homeless/Annotations/complete/count/cortez-homeless-2015.json,2015,7,2015-07-31,cortez,cortez,39.0,,clear
http://ds.civicknowledge.org/downtownsandiego.org/homeless-count/cortez/201508-005.png,KApL3+8Rh3w2lSNAYrJjKX5nGSi/YNhFnBsn9A==,/Users/eric/Google Sync/sandiegodata.org/Projects/Downtown Partnership Homeless/Annotations/complete/count/cortez-homeless-2015.json,2015,8,2015-08-27,cortez,cortez,45.0,,clear
http://ds.civicknowledge.org/downtownsandiego.org/homeless-count/cortez/201509-006.png,sOGuFQXySFbCmDCPHHnCgYFrIdkc4X8bCj/hAg==,/Users/eric/Google Sync/sandiegodata.org/Projects/Downtown Partnership Homeless/Annotations/complete/count/cortez-homeless-2015.json,2015,9,2015-09-25,cortez,cortez,52.0,,clear
http://ds.civicknowledge.org/downtownsandiego.org/homeless-count/cortez/201510-005.png,r0mjxMZDTm/6vK1YDimoQY2WhVhVRLv8Nz51mw==,/Users/eric/Google Sync/sandiegodata.org/Projects/Downtown Partnership Homeless/Annotations/complete/count/cortez-homeless-2015.json,2015,10,2015-10-31,cortez,cortez,32.0,,rain
http://ds.civicknowledge.org/downtownsandiego.org/homeless-count/cortez/201511-005.png,Kv5ISPjgaiI0BxGpLifeSOwFBVB+1wEgExff5A==,/Users/eric/Google Sync/sandiegodata.org/Projects/Downtown Partnership Homeless/Annotations/complete/count/cortez-homeless-2015.json,2015,11,2015-11-25,cortez,cortez,45.0,,rain
http://ds.civicknowledge.org/downtownsandiego.org/homeless-count/cortez/201512-004.png,bTFyaK9+w3W0RXz+6Ri8pA+XlLO8t53MAwd8iQ==,/Users/eric/Google Sync/sandiegodata.org/Projects/Downtown Partnership Homeless/Annotations/complete/count/cortez-homeless-2015.json,2015,12,2015-12-31,cortez,cortez,40.0,,rain
http://ds.civicknowledge.org/downtownsandiego.org/homeless-count/columbia/201701-002.png,tN7YKeaMLFeWdfgQcBcq68At61N2i+ljUQ7YSQ==,/Users/eric/Google Sync/sandiegodata.org/Projects/Downtown Partnership Homeless/Annotations/complete/count/columbia-homeless-2017.json,2017,1,2017-01-26,columbia,columbia,36.0,42.0,
http://ds.civicknowledge.org/downtownsandiego.org/homeless-count/columbia/201702-002.png,0OQ7R0Qm1JZ5X123DbSVeUquxONUXoEsnxDGVA==,/Users/eric/Google Sync/sandiegodata.org/Projects/Downtown Partnership Homeless/Annotations/complete/count/columbia-homeless-2017.json,2017,2,2017-02-23,columbia,columbia,35.0,55.0,
http://ds.civicknowledge.org/downtownsandiego.org/homeless-count/columbia/201703-002.png,6YNJB3Y0sxi61rYIJ7hfFO71U1n/P43xXar/KA==,/Users/eric/Google Sync/sandiegodata.org/Projects/Downtown Partnership Homeless/Annotations/complete/count/columbia-homeless-2017.json,2017,3,2017-03-30,columbia,columbia,20.0,58.0,
http://ds.civicknowledge.org/downtownsandiego.org/homeless-count/columbia/201704-003.png,J6Jqdc6DZy3HOMyG6lH8AFe+XdaYAQ0dVXgFdA==,/Users/eric/Google Sync/sandiegodata.org/Projects/Downtown Partnership Homeless/Annotations/complete/count/columbia-homeless-2017.json,2017,4,2017-04-26,columbia,columbia,46.0,64.0,clear
http://ds.civicknowledge.org/downtownsandiego.org/homeless-count/columbia/201705-003.png,1UfTou3yycpT5pcF0HRsMGbKE0SeL++WRdv0yA==,/Users/eric/Google Sync/sandiegodata.org/Projects/Downtown Partnership Homeless/Annotations/complete/count/columbia-homeless-2017.json,2017,5,2017-05-25,columbia,columbia,59.0,59.0,clear
http://ds.civicknowledge.org/downtownsandiego.org/homeless-count/columbia/201706-003.png,TDvHn68MfWzRQfjpfTUZ2DGgI75oftXX5/QZXA==,/Users/eric/Google Sync/sandiegodata.org/Projects/Downtown Partnership Homeless/Annotations/complete/count/columbia-homeless-2017.json,2017,6,2017-06-29,columbia,columbia,41.0,62.0,clear
http://ds.civicknowledge.org/downtownsandiego.org/homeless-count/columbia/201707-003.png,o/6P1KILcF7EG4kI9y8BQZiT4JU8Z2Mi3d/8Sw==,/Users/eric/Google Sync/sandiegodata.org/Projects/Downtown Partnership Homeless/Annotations/complete/count/columbia-homeless-2017.json,2017,7,2017-07-27,columbia,columbia,47.25,67.0,clear
http://ds.civicknowledge.org/downtownsandiego.org/homeless-count/columbia/201708-003.png,xroeuvvqYi/U4Ni5QsKFP3mjDwPCj5nIeNDUuA==,/Users/eric/Google Sync/sandiegodata.org/Projects/Downtown Partnership Homeless/Annotations/complete/count/columbia-homeless-2017.json,2017,8,2017-08-31,columbia,columbia,69.5,,
http://ds.civicknowledge.org/downtownsandiego.org/homeless-count/columbia/201709-005.png,Lb0Ul3TsAgG11b0qIaVpvrzwmEWbl6VTreAnFA==,/Users/eric/Google Sync/sandiegodata.org/Projects/Downtown Partnership Homeless/Annotations/complete/count/columbia-homeless-2017.json,2017,9,2017-09-27,columbia,columbia,60.66,66.0,clear
http://ds.civicknowledge.org/downtownsandiego.org/homeless-count/columbia/201710-005.png,YR8d+9AFqetcrMmDq+/1TUWzm+kSwCBryYU/mw==,/Users/eric/Google Sync/sandiegodata.org/Projects/Downtown Partnership Homeless/Annotations/complete/count/columbia-homeless-2017.json,2017,10,2017-10-25,columbia,columbia,56.0,66.0,clear
http://ds.civicknowledge.org/downtownsandiego.org/homeless-count/columbia/201711-005.png,o1zTidgfdBQkb2LLRCpFXU5UqHBN5+gRjiPzXA==,/Users/eric/Google Sync/sandiegodata.org/Projects/Downtown Partnership Homeless/Annotations/complete/count/columbia-homeless-2017.json,2017,11,2017-11-29,columbia,columbia,48.75,59.0,clear
http://ds.civicknowledge.org/downtownsandiego.org/homeless-count/columbia/201712-005.png,YcUkDunqbH0nvZg93dkOQ59PY0rNp8djsygSCA==,/Users/eric/Google Sync/sandiegodata.org/Projects/Downtown Partnership Homeless/Annotations/complete/count/columbia-homeless-2017.json,2017,12,2017-12-27,columbia,columbia,45.75,54.0,clear
http://ds.civicknowledge.org/downtownsandiego.org/homeless-count/east_villiage_south/201801-002.png,ELSa2py6ipqhWI2SFDbfM9IGXgbo1gD2avchTw==,/Users/eric/Google Sync/sandiegodata.org/Projects/Downtown Partnership Homeless/Annotations/complete/count/east_villiage_south-homeless-2018.json,2018,1,2018-01-24,east_village_south,east_villiage_south,,52.0,clear
http://ds.civicknowledge.org/downtownsandiego.org/homeless-count/east_villiage_south/201802-002.png,lF4cgyO0A10RsewJXz+U4gAKqQnw+NEX7WS6zQ==,/Users/eric/Google Sync/sandiegodata.org/Projects/Downtown Partnership Homeless/Annotations/complete/count/east_villiage_south-homeless-2018.json,2018,2,2018-02-21,east_village_south,east_villiage_south,,52.0,
http://ds.civicknowledge.org/downtownsandiego.org/homeless-count/east_villiage_south/201803-002.png,CFtkDn7T3Iafj4TSUryB8YuxnlBdqnts1Qe0WQ==,/Users/eric/Google Sync/sandiegodata.org/Projects/Downtown Partnership Homeless/Annotations/complete/count/east_villiage_south-homeless-2018.json,2018,3,2018-03-28,east_village_south,east_villiage_south,,59.0,
http://ds.civicknowledge.org/downtownsandiego.org/homeless-count/east_villiage_south/201804-002.png,MN587n4YJvRmJErdtEXjF6/0N6fHJA46B7YzBA==,/Users/eric/Google Sync/sandiegodata.org/Projects/Downtown Partnership Homeless/Annotations/complete/count/east_villiage_south-homeless-2018.json,2018,4,2018-04-25,east_village_south,east_villiage_south,,,clear
http://ds.civicknowledge.org/downtownsandiego.org/homeless-count/east_villiage_south/201805-002.png,NMU9zqDPqHXZrJxlsyTleC9qtYfRSfeKYx63mg==,/Users/eric/Google Sync/sandiegodata.org/Projects/Downtown Partnership Homeless/Annotations/complete/count/east_villiage_south-homeless-2018.json,2018,5,2018-05-03,east_village_south,east_villiage_south,,60.0,clear
http://ds.civicknowledge.org/downtownsandiego.org/homeless-count/east_villiage_south/201806-002.png,x2yLvI5I1d3xMqtuGu2BLj2UqzrUg5f41qUlEQ==,/Users/eric/Google Sync/sandiegodata.org/Projects/Downtown Partnership Homeless/Annotations/complete/count/east_villiage_south-homeless-2018.json,2018,6,2018-06-28,east_village_south,east_villiage_south,,63.0,clear
http://ds.civicknowledge.org/downtownsandiego.org/homeless-count/columbia/201601-002.png,q0NXJuewFmI/e14XAixYhtthY3+LdpAv0lsnPw==,/Users/eric/Google Sync/sandiegodata.org/Projects/Downtown Partnership Homeless/Annotations/complete/count/columbia-homeless-2016.json,2016,1,2016-01-29,columbia,columbia,50.0,,
http://ds.civicknowledge.org/downtownsandiego.org/homeless-count/columbia/201602-003.png,ckP6/2VzXRg2Gk+XTNDQMR64lOMlqDRKxVpj0w==,/Users/eric/Google Sync/sandiegodata.org/Projects/Downtown Partnership Homeless/Annotations/complete/count/columbia-homeless-2016.json,2016,2,2016-02-25,columbia,columbia,45.0,,clear
http://ds.civicknowledge.org/downtownsandiego.org/homeless-count/columbia/201603-002.png,rSx31Ts36xe+8mToz6s5/ER7FfGlx9A2y8D7Wg==,/Users/eric/Google Sync/sandiegodata.org/Projects/Downtown Partnership Homeless/Annotations/complete/count/columbia-homeless-2016.json,2016,3,2016-03-01,columbia,columbia,65.0,,
http://ds.civicknowledge.org/downtownsandiego.org/homeless-count/columbia/201604-002.png,T+dS+FlYvvJRez/RnJW0hADazLMF21LvNa77Iw==,/Users/eric/Google Sync/sandiegodata.org/Projects/Downtown Partnership Homeless/Annotations/complete/count/columbia-homeless-2016.json,2016,4,2016-04-01,columbia,columbia,30.0,,
http://ds.civicknowledge.org/downtownsandiego.org/homeless-count/columbia/201605-002.png,HvRCov7/ISVQ4eUn8gGW55CdlNu0C5+dVis/EQ==,/Users/eric/Google Sync/sandiegodata.org/Projects/Downtown Partnership Homeless/Annotations/complete/count/columbia-homeless-2016.json,2016,5,2016-05-01,columbia,columbia,54.0,,
http://ds.civicknowledge.org/downtownsandiego.org/homeless-count/columbia/201606-002.png,UIIOYAIxiiUu4SMKYzSla0ZGGdlI6DlMf2BDog==,/Users/eric/Google Sync/sandiegodata.org/Projects/Downtown Partnership Homeless/Annotations/complete/count/columbia-homeless-2016.json,2016,6,2016-06-01,columbia,columbia,65.0,,
http://ds.civicknowledge.org/downtownsandiego.org/homeless-count/columbia/201607-002.png,fuR0ScoyzQZeXmeHmebv11Xk+CuWEaTdP5DZlg==,/Users/eric/Google Sync/sandiegodata.org/Projects/Downtown Partnership Homeless/Annotations/complete/count/columbia-homeless-2016.json,2016,7,2016-07-28,columbia,columbia,38.0,,
http://ds.civicknowledge.org/downtownsandiego.org/homeless-count/columbia/201608-002.png,Eq4aFD2NtAHHaIqnh3bsRUibxxytEZaP7/QpCg==,/Users/eric/Google Sync/sandiegodata.org/Projects/Downtown Partnership Homeless/Annotations/complete/count/columbia-homeless-2016.json,2016,8,2016-08-24,columbia,columbia,34.0,,
http://ds.civicknowledge.org/downtownsandiego.org/homeless-count/columbia/201609-002.png,8Mqw7JGuZYNNgNu4K9KpFLNL/bA08dBmCFcPjQ==,/Users/eric/Google Sync/sandiegodata.org/Projects/Downtown Partnership Homeless/Annotations/complete/count/columbia-homeless-2016.json,2016,9,2016-09-01,columbia,columbia,47.0,,
http://ds.civicknowledge.org/downtownsandiego.org/homeless-count/columbia/201610-002.png,YaFwYbY234LKiPh35Qb6UGC7i6Si5gbCJn0KHA==,/Users/eric/Google Sync/sandiegodata.org/Projects/Downtown Partnership Homeless/Annotations/complete/count/columbia-homeless-2016.json,2016,10,2016-10-27,columbia,columbia,56.0,,
http://ds.civicknowledge.org/downtownsandiego.org/homeless-count/columbia/201611-002.png,EATNArfNbirFvrTTnG159rVz/54zw2YsaZYZjQ==,/Users/eric/Google Sync/sandiegodata.org/Projects/Downtown Partnership Homeless/Annotations/complete/count/columbia-homeless-2016.json,2016,11,2016-11-23,columbia,columbia,50.0,50.0,
http://ds.civicknowledge.org/downtownsandiego.org/homeless-count/columbia/201612-002.png,iW4h3o/3BUKTMEN0Nntt1Cf3M4H6mifJzBl7og==,/Users/eric/Google Sync/sandiegodata.org/Projects/Downtown Partnership Homeless/Annotations/complete/count/columbia-homeless-2016.json,2016,12,2016-12-29,columbia,columbia,43.0,48.0,
http://ds.civicknowledge.org/downtownsandiego.org/homeless-count/cortez/201401-006.png,wBuWfm6ALd+viVyGWQRSeblPtBn6LOEEXgRogQ==,/Users/eric/Google Sync/sandiegodata.org/Projects/Downtown Partnership Homeless/Annotations/complete/count/cortez-homeless-2014.json,2014,1,2014-01-31,cortez,cortez,55.0,,
http://ds.civicknowledge.org/downtownsandiego.org/homeless-count/cortez/201402-004.png,gGLSujQJsAKofMOTKu8R61EmpzXR+9ztrwogCQ==,/Users/eric/Google Sync/sandiegodata.org/Projects/Downtown Partnership Homeless/Annotations/complete/count/cortez-homeless-2014.json,2014,2,2014-02-28,cortez,cortez,58.0,,
http://ds.civicknowledge.org/downtownsandiego.org/homeless-count/cortez/201403-006.png,ky6DhoB/vQ1vlXTlwjzakiy05YRkrmh4oRq+yQ==,/Users/eric/Google Sync/sandiegodata.org/Projects/Downtown Partnership Homeless/Annotations/complete/count/cortez-homeless-2014.json,2014,3,2014-03-31,cortez,cortez,39.0,,
http://ds.civicknowledge.org/downtownsandiego.org/homeless-count/cortez/201404-005.png,RMHm913SIJkwU6Cr9Zm+bcLvHm4FoRUKpAtYfA==,/Users/eric/Google Sync/sandiegodata.org/Projects/Downtown Partnership Homeless/Annotations/complete/count/cortez-homeless-2014.json,2014,4,2014-04-30,cortez,cortez,40.0,,
http://ds.civicknowledge.org/downtownsandiego.org/homeless-count/cortez/201405-006.png,Wo9wK5/1EPl0SDcpHrX9eZzTNcn8CM7pe3XIZA==,/Users/eric/Google Sync/sandiegodata.org/Projects/Downtown Partnership Homeless/Annotations/complete/count/cortez-homeless-2014.json,2014,5,2014-05-31,cortez,cortez,31.0,,
http://ds.civicknowledge.org/downtownsandiego.org/homeless-count/cortez/201406-005.png,YvMdN3WP08YxQjBwJMYzHbbSYjHpUtCERZuMeQ==,/Users/eric/Google Sync/sandiegodata.org/Projects/Downtown Partnership Homeless/Annotations/complete/count/cortez-homeless-2014.json,2014,6,2014-06-30,cortez,cortez,34.0,,
http://ds.civicknowledge.org/downtownsandiego.org/homeless-count/cortez/201407-005.png,nwfT5DOxFi0UdtcNJoFjl9cEEGlKu3+yHv3R3A==,/Users/eric/Google Sync/sandiegodata.org/Projects/Downtown Partnership Homeless/Annotations/complete/count/cortez-homeless-2014.json,2014,7,2014-07-31,cortez,cortez,34.0,,
http://ds.civicknowledge.org/downtownsandiego.org/homeless-count/cortez/201410-005.png,kSMYDkHavECE2obvBWvtB5gX/OrEfMfrdGYvfA==,/Users/eric/Google Sync/sandiegodata.org/Projects/Downtown Partnership Homeless/Annotations/complete/count/cortez-homeless-2014.json,2014,10,2014-10-31,cortez,cortez,30.0,,
http://ds.civicknowledge.org/downtownsandiego.org/homeless-count/cortez/201411-005.png,6YaZgpuHeKfV3pHwVCCL7xQui8iw7+9R3FEe6w==,/Users/eric/Google Sync/sandiegodata.org/Projects/Downtown Partnership Homeless/Annotations/complete/count/cortez-homeless-2014.json,2014,11,2014-11-30,cortez,cortez,33.0,,
http://ds.civicknowledge.org/downtownsandiego.org/homeless-count/cortez/201412-003.png,FlZZ+Jrz9kxwGXEI04U9bcgNx38uTvvt8TR9Gg==,/Users/eric/Google Sync/sandiegodata.org/Projects/Downtown Partnership Homeless/Annotations/complete/count/cortez-homeless-2014.json,2014,12,2014-12-31,cortez,cortez,27.0,,
http://ds.civicknowledge.org/downtownsandiego.org/homeless-count/marina/201701-003.png,CX07AcvRgPaL+vjt0iyyK30beT91WnoMCoj+Ew==,/Users/eric/Google Sync/sandiegodata.org/Projects/Downtown Partnership Homeless/Annotations/complete/count/marina-homeless-2017.json,2017,1,2017-01-26,marina,marina,26.0,42.0,clear
http://ds.civicknowledge.org/downtownsandiego.org/homeless-count/marina/201702-003.png,bIkuNM4T4U7dDXwuds4buxK/nekYdjDPiKvO0A==,/Users/eric/Google Sync/sandiegodata.org/Projects/Downtown Partnership Homeless/Annotations/complete/count/marina-homeless-2017.json,2017,2,2017-02-23,marina,marina,62.0,55.0,clear
http://ds.civicknowledge.org/downtownsandiego.org/homeless-count/marina/201703-003.png,smdqcfbLZsoFLxyP+upFzpeYDFkKVjbxlK4FrQ==,/Users/eric/Google Sync/sandiegodata.org/Projects/Downtown Partnership Homeless/Annotations/complete/count/marina-homeless-2017.json,2017,3,2017-03-30,marina,marina,56.0,58.0,clear
http://ds.civicknowledge.org/downtownsandiego.org/homeless-count/marina/201704-004.png,pCcu45pdX2s//rK8C+QRcy7D/UjelYWtl2/PcA==,/Users/eric/Google Sync/sandiegodata.org/Projects/Downtown Partnership Homeless/Annotations/complete/count/marina-homeless-2017.json,2017,4,2017-04-26,marina,marina,36.0,64.0,clear
http://ds.civicknowledge.org/downtownsandiego.org/homeless-count/marina/201705-004.png,HWvRInhhbAGxpxNHosngl2lmnU2M6b6bVHZ3lQ==,/Users/eric/Google Sync/sandiegodata.org/Projects/Downtown Partnership Homeless/Annotations/complete/count/marina-homeless-2017.json,2017,5,2017-05-25,marina,marina,39.0,59.0,clear
http://ds.civicknowledge.org/downtownsandiego.org/homeless-count/marina/201706-004.png,iihbC6bre6ZHiZnKmBitxWppwM3LOsNSsu4YaA==,/Users/eric/Google Sync/sandiegodata.org/Projects/Downtown Partnership Homeless/Annotations/complete/count/marina-homeless-2017.json,2017,6,2017-06-29,marina,marina,45.0,62.0,clear
http://ds.civicknowledge.org/downtownsandiego.org/homeless-count/marina/201707-004.png,T5/IiyYxJlUx9Y0GCVJqXVFDJcQHscFKC72bJw==,/Users/eric/Google Sync/sandiegodata.org/Projects/Downtown Partnership Homeless/Annotations/complete/count/marina-homeless-2017.json,2017,7,2017-07-27,marina,marina,44.0,67.0,clear
http://ds.civicknowledge.org/downtownsandiego.org/homeless-count/marina/201708-004.png,gK8GlJtpJyWtXsHKnfcbieHVHP0IHLagwl0nBw==,/Users/eric/Google Sync/sandiegodata.org/Projects/Downtown Partnership Homeless/Annotations/complete/count/marina-homeless-2017.json,2017,8,2017-08-31,marina,marina,65.0,,clear
http://ds.civicknowledge.org/downtownsandiego.org/homeless-count/marina/201709-006.png,Qf4+VT17QgIrBK3+R5k01SwMC2nn8HujYydCNw==,/Users/eric/Google Sync/sandiegodata.org/Projects/Downtown Partnership Homeless/Annotations/complete/count/marina-homeless-2017.json,2017,9,2017-09-27,marina,marina,64.0,66.0,clear
http://ds.civicknowledge.org/downtownsandiego.org/homeless-count/marina/201710-006.png,/hQIP8iSoYBb9tG0miJBfcXOU9VXKp4/u1od+Q==,/Users/eric/Google Sync/sandiegodata.org/Projects/Downtown Partnership Homeless/Annotations/complete/count/marina-homeless-2017.json,2017,10,2017-10-25,marina,marina,68.0,66.0,clear
http://ds.civicknowledge.org/downtownsandiego.org/homeless-count/marina/201711-006.png,k+/kfQmHVhFcDcJQ6/fqdwUUu8+GPRxNzcKwPA==,/Users/eric/Google Sync/sandiegodata.org/Projects/Downtown Partnership Homeless/Annotations/complete/count/marina-homeless-2017.json,2017,11,2017-11-29,marina,marina,44.0,59.0,
http://ds.civicknowledge.org/downtownsandiego.org/homeless-count/marina/201712-006.png,0N4/qYOY5rSFgR94z0SrkgpoTQ6Iivjsx/goUg==,/Users/eric/Google Sync/sandiegodata.org/Projects/Downtown Partnership Homeless/Annotations/complete/count/marina-homeless-2017.json,2017,12,2017-12-27,marina,marina,44.0,54.0,clear
http://ds.civicknowledge.org/downtownsandiego.org/homeless-count/gaslamp/201501-004.png,s9zy1/e/tQSDUcWw93tsxoLbdPdlkXwAEuSEhg==,/Users/eric/Google Sync/sandiegodata.org/Projects/Downtown Partnership Homeless/Annotations/complete/count/gaslamp-homeless-2015.json,2015,1,2015-01-01,gaslamp,gaslamp,19.0,,clear
http://ds.civicknowledge.org/downtownsandiego.org/homeless-count/gaslamp/201502-006.png,MEwvsMbgbkvNpluR8Pzh0gCWU2A5fqM4xIVFGw==,/Users/eric/Google Sync/sandiegodata.org/Projects/Downtown Partnership Homeless/Annotations/complete/count/gaslamp-homeless-2015.json,2015,2,2015-02-26,gaslamp,gaslamp,23.0,,clear
http://ds.civicknowledge.org/downtownsandiego.org/homeless-count/gaslamp/201503-003.png,GotMjHUHc1xKyRsz7Cop91lPWoAevIZImydQ1Q==,/Users/eric/Google Sync/sandiegodata.org/Projects/Downtown Partnership Homeless/Annotations/complete/count/gaslamp-homeless-2015.json,2015,3,2015-03-26,gaslamp,gaslamp,22.0,,clear
http://ds.civicknowledge.org/downtownsandiego.org/homeless-count/gaslamp/201504-006.png,1jItgi1hPv0kbuV/Un8qsklyNzsPh8X3RzRT0g==,/Users/eric/Google Sync/sandiegodata.org/Projects/Downtown Partnership Homeless/Annotations/complete/count/gaslamp-homeless-2015.json,2015,4,2015-04-01,gaslamp,gaslamp,19.0,,clear
http://ds.civicknowledge.org/downtownsandiego.org/homeless-count/gaslamp/201505-006.png,+KxfOKtW7VnJfmqIpYWNDhLf33bO7/EOgJVk6Q==,/Users/eric/Google Sync/sandiegodata.org/Projects/Downtown Partnership Homeless/Annotations/complete/count/gaslamp-homeless-2015.json,2015,5,2015-05-01,gaslamp,gaslamp,24.0,,clear
http://ds.civicknowledge.org/downtownsandiego.org/homeless-count/gaslamp/201507-006.png,xZ4W+1C2dPw+H+ljK3ZVGfc4QqrKCb1Uu6EORw==,/Users/eric/Google Sync/sandiegodata.org/Projects/Downtown Partnership Homeless/Annotations/complete/count/gaslamp-homeless-2015.json,2015,7,2015-07-01,gaslamp,gaslamp,25.0,,clear
http://ds.civicknowledge.org/downtownsandiego.org/homeless-count/gaslamp/201508-006.png,35dsEgb2caUJg2GtVxmX/iIgBVjL5E3M/uMCxQ==,/Users/eric/Google Sync/sandiegodata.org/Projects/Downtown Partnership Homeless/Annotations/complete/count/gaslamp-homeless-2015.json,2015,8,2015-08-27,gaslamp,gaslamp,24.0,,clear
http://ds.civicknowledge.org/downtownsandiego.org/homeless-count/gaslamp/201509-007.png,9MTSOc33baDkQCYsqqA/xcw491vC7AmrvO8oyQ==,/Users/eric/Google Sync/sandiegodata.org/Projects/Downtown Partnership Homeless/Annotations/complete/count/gaslamp-homeless-2015.json,2015,9,2015-09-25,gaslamp,gaslamp,19.0,,clear
http://ds.civicknowledge.org/downtownsandiego.org/homeless-count/gaslamp/201510-006.png,w66YbjFTkyNbWPuGou+cCV6rtaDSeWOLcORyJg==,/Users/eric/Google Sync/sandiegodata.org/Projects/Downtown Partnership Homeless/Annotations/complete/count/gaslamp-homeless-2015.json,2015,10,2015-10-01,gaslamp,gaslamp,55.0,,rain
http://ds.civicknowledge.org/downtownsandiego.org/homeless-count/gaslamp/201511-006.png,X4Jvdu4xioSW79sVhGkAH9ENLaUv4pvRvbbyMw==,/Users/eric/Google Sync/sandiegodata.org/Projects/Downtown Partnership Homeless/Annotations/complete/count/gaslamp-homeless-2015.json,2015,11,2015-11-25,gaslamp,gaslamp,18.0,,rain
http://ds.civicknowledge.org/downtownsandiego.org/homeless-count/gaslamp/201512-005.png,SyKpC9xKaKUJLudnWWJ/6zTIZ/3yHffX4srCRg==,/Users/eric/Google Sync/sandiegodata.org/Projects/Downtown Partnership Homeless/Annotations/complete/count/gaslamp-homeless-2015.json,2015,12,2015-12-01,gaslamp,gaslamp,11.0,,rain
http://ds.civicknowledge.org/downtownsandiego.org/homeless-count/cortez/201801-006.png,0rFaICFAqG+CCkyLC3UapwBhV+7bS9M2I4hX+w==,/Users/eric/Google Sync/sandiegodata.org/Projects/Downtown Partnership Homeless/Annotations/complete/count/cortez-homeless-2018.json,2018,1,2018-01-24,cortez,cortez,59.0,52.0,clear
http://ds.civicknowledge.org/downtownsandiego.org/homeless-count/cortez/201802-006.png,EBPMaA11e9yS3QxUzXvTzyInQ/i+9J45hlATag==,/Users/eric/Google Sync/sandiegodata.org/Projects/Downtown Partnership Homeless/Annotations/complete/count/cortez-homeless-2018.json,2018,2,2018-02-21,cortez,cortez,55.0,52.0,
http://ds.civicknowledge.org/downtownsandiego.org/homeless-count/cortez/201803-006.png,47iPdT9QueBSuf97VVe2+B8+A+/8Z+nRaD8mxw==,/Users/eric/Google Sync/sandiegodata.org/Projects/Downtown Partnership Homeless/Annotations/complete/count/cortez-homeless-2018.json,2018,3,2018-03-28,cortez,cortez,64.0,59.0,
http://ds.civicknowledge.org/downtownsandiego.org/homeless-count/cortez/201804-006.png,y0JkbxZ6MsXvWL0k4y6Hbsn3CnKlGCVBH1y7bg==,/Users/eric/Google Sync/sandiegodata.org/Projects/Downtown Partnership Homeless/Annotations/complete/count/cortez-homeless-2018.json,2018,4,2018-04-25,cortez,cortez,42.0,,clear
http://ds.civicknowledge.org/downtownsandiego.org/homeless-count/cortez/201805-006.png,G8B/O3o7BUTkI6PMrIlh3h1Ng6fisv/FYOwD8w==,/Users/eric/Google Sync/sandiegodata.org/Projects/Downtown Partnership Homeless/Annotations/complete/count/cortez-homeless-2018.json,2018,5,2018-05-31,cortez,cortez,47.0,60.0,clear
http://ds.civicknowledge.org/downtownsandiego.org/homeless-count/cortez/201806-006.png,//w7IfgJX8pn96inuCWjsvZPCx/Fyh6xEmLMxg==,/Users/eric/Google Sync/sandiegodata.org/Projects/Downtown Partnership Homeless/Annotations/complete/count/cortez-homeless-2018.json,2018,6,2018-06-28,cortez,cortez,38.0,63.0,clear
http://ds.civicknowledge.org/downtownsandiego.org/homeless-count/core/201501-006.png,+6R1VIIKw7ikg4qE26S3jx4XCeY3Uh5GsthJgQ==,/Users/eric/Google Sync/sandiegodata.org/Projects/Downtown Partnership Homeless/Annotations/complete/count/core-homeless-2015.json,2015,1,2015-01-31,core,core,177.0,,clear
http://ds.civicknowledge.org/downtownsandiego.org/homeless-count/core/201502-003.png,GEEwuYqZI3GeaORPXv6f+rK6F38uLFiwjq6+PA==,/Users/eric/Google Sync/sandiegodata.org/Projects/Downtown Partnership Homeless/Annotations/complete/count/core-homeless-2015.json,2015,2,2015-02-26,core,core,200.0,,clear
http://ds.civicknowledge.org/downtownsandiego.org/homeless-count/core/201503-005.png,SYU5RZLgd0qXHdRVaqH/1gS6JBEnNo1r3fVh0A==,/Users/eric/Google Sync/sandiegodata.org/Projects/Downtown Partnership Homeless/Annotations/complete/count/core-homeless-2015.json,2015,3,2015-03-26,core,core,173.0,,clear
http://ds.civicknowledge.org/downtownsandiego.org/homeless-count/core/201504-003.png,iz9UC2qEqwkwbRuszUzxgSEYXWS+/9S+Qo+QDw==,/Users/eric/Google Sync/sandiegodata.org/Projects/Downtown Partnership Homeless/Annotations/complete/count/core-homeless-2015.json,2015,4,2015-04-30,core,core,196.0,,clear
http://ds.civicknowledge.org/downtownsandiego.org/homeless-count/core/201505-003.png,CY8Wo6gPgr/gb8RHGev/K6MQNIkESAanH45Irg==,/Users/eric/Google Sync/sandiegodata.org/Projects/Downtown Partnership Homeless/Annotations/complete/count/core-homeless-2015.json,2015,5,2015-05-31,core,core,161.0,,clear
http://ds.civicknowledge.org/downtownsandiego.org/homeless-count/core/201507-003.png,j6qSCupqLG+0gD7IsvYRjTUiPaPdwzXWzTdSQw==,/Users/eric/Google Sync/sandiegodata.org/Projects/Downtown Partnership Homeless/Annotations/complete/count/core-homeless-2015.json,2015,7,2015-07-31,core,core,235.0,,clear
http://ds.civicknowledge.org/downtownsandiego.org/homeless-count/core/201508-003.png,ip9fVrZcLFvLZQoUR+/pm24+tJn4WUcku41adg==,/Users/eric/Google Sync/sandiegodata.org/Projects/Downtown Partnership Homeless/Annotations/complete/count/core-homeless-2015.json,2015,8,2015-08-27,core,core,152.0,,clear
http://ds.civicknowledge.org/downtownsandiego.org/homeless-count/core/201509-003.png,qh4j/wcUEBdJv6G7dvdah/xoWwcte5rut+d1uw==,/Users/eric/Google Sync/sandiegodata.org/Projects/Downtown Partnership Homeless/Annotations/complete/count/core-homeless-2015.json,2015,9,2015-09-25,core,core,77.0,,
http://ds.civicknowledge.org/downtownsandiego.org/homeless-count/core/201510-003.png,Z/6HW8pcLXgOn6jZoVAR8UDL3m16wOqYVEiNQw==,/Users/eric/Google Sync/sandiegodata.org/Projects/Downtown Partnership Homeless/Annotations/complete/count/core-homeless-2015.json,2015,10,2015-10-31,core,core,102.0,,rain
http://ds.civicknowledge.org/downtownsandiego.org/homeless-count/core/201511-003.png,jTxvjyGjhx4NRIK+g/4+2es+XBmFuUkE+VfpRg==,/Users/eric/Google Sync/sandiegodata.org/Projects/Downtown Partnership Homeless/Annotations/complete/count/core-homeless-2015.json,2015,11,2015-11-25,core,core,129.0,,rain
http://ds.civicknowledge.org/downtownsandiego.org/homeless-count/core/201512-002.png,eibENHe2AHfPF/+3Wt8EpdKZ0uAPmvnVFgzNTw==,/Users/eric/Google Sync/sandiegodata.org/Projects/Downtown Partnership Homeless/Annotations/complete/count/core-homeless-2015.json,2015,12,2015-12-31,core,core,206.0,,rain
http://ds.civicknowledge.org/downtownsandiego.org/homeless-count/east_villiage/201401-002.png,AWIpGHhttioJR9CUJsH+L0mz0aMWrPdqcfLMEA==,/Users/eric/Google Sync/sandiegodata.org/Projects/Downtown Partnership Homeless/Annotations/complete/count/east_villiage-homeless-2014.json,2014,1,2014-01-01,east_village,east_villiage,330.0,,
http://ds.civicknowledge.org/downtownsandiego.org/homeless-count/east_villiage/201402-002.png,Cxjjs5elEFHjpqIbYQkIrdnogvLSkZ7zkCOurg==,/Users/eric/Google Sync/sandiegodata.org/Projects/Downtown Partnership Homeless/Annotations/complete/count/east_villiage-homeless-2014.json,2014,2,2014-02-01,east_village,east_villiage,301.0,,
http://ds.civicknowledge.org/downtownsandiego.org/homeless-count/east_villiage/201403-002.png,a60pLbTujQ84V5Sn1mMv7RumC5gIol7FgshyaQ==,/Users/eric/Google Sync/sandiegodata.org/Projects/Downtown Partnership Homeless/Annotations/complete/count/east_villiage-homeless-2014.json,2014,3,2014-03-01,east_village,east_villiage,376.0,,
http://ds.civicknowledge.org/downtownsandiego.org/homeless-count/east_villiage/201404-002.png,gVaBkxEK/aBdg0h65bAJHjdoWIjqJ92qJSpO0g==,/Users/eric/Google Sync/sandiegodata.org/Projects/Downtown Partnership Homeless/Annotations/complete/count/east_villiage-homeless-2014.json,2014,4,2014-04-01,east_village,east_villiage,360.0,,
http://ds.civicknowledge.org/downtownsandiego.org/homeless-count/east_villiage/201405-002.png,xVXo7+sKhfSNXIpsMyuyeEnYd36SqmLWoWv1cA==,/Users/eric/Google Sync/sandiegodata.org/Projects/Downtown Partnership Homeless/Annotations/complete/count/east_villiage-homeless-2014.json,2014,5,2014-05-01,east_village,east_villiage,410.0,,
http://ds.civicknowledge.org/downtownsandiego.org/homeless-count/east_villiage/201406-002.png,G56Y07knLXYASxEOaK/Y5egHnd0SHVWroRM6gQ==,/Users/eric/Google Sync/sandiegodata.org/Projects/Downtown Partnership Homeless/Annotations/complete/count/east_villiage-homeless-2014.json,2014,6,2014-06-01,east_village,east_villiage,442.0,,
http://ds.civicknowledge.org/downtownsandiego.org/homeless-count/east_villiage/201407-002.png,JUCXtzjRVGVXSUDPTqtS7hEbBTRmKGoY0sk/nA==,/Users/eric/Google Sync/sandiegodata.org/Projects/Downtown Partnership Homeless/Annotations/complete/count/east_villiage-homeless-2014.json,2014,7,2014-07-01,east_village,east_villiage,423.0,,
http://ds.civicknowledge.org/downtownsandiego.org/homeless-count/east_villiage/201410-002.png,axMPQhYbjrgk/8AKoqoP5Olnpm+W9tcTJ7rDzA==,/Users/eric/Google Sync/sandiegodata.org/Projects/Downtown Partnership Homeless/Annotations/complete/count/east_villiage-homeless-2014.json,2014,10,2014-10-01,east_village,east_villiage,442.0,,
http://ds.civicknowledge.org/downtownsandiego.org/homeless-count/east_villiage/201411-002.png,hwVX5uvuj25vouN3jVuIDQnkaQY/RuJhgNjpRA==,/Users/eric/Google Sync/sandiegodata.org/Projects/Downtown Partnership Homeless/Annotations/complete/count/east_villiage-homeless-2014.json,2014,11,2014-11-01,east_village,east_villiage,339.0,,
http://ds.civicknowledge.org/downtownsandiego.org/homeless-count/east_villiage/201412-002.png,CBTcPUwMDO8H6IuQqKfgMT+3/ljDKHyyVt3UVQ==,/Users/eric/Google Sync/sandiegodata.org/Projects/Downtown Partnership Homeless/Annotations/complete/count/east_villiage-homeless-2014.json,2014,12,2014-12-01,east_village,east_villiage,325.0,,
http://ds.civicknowledge.org/downtownsandiego.org/homeless-count/east_villiage/201801-001.png,mPkmBnJ3tXwfZyeBe58Fw6Tz1Sj3KaZ7/IIgQw==,/Users/eric/Google Sync/sandiegodata.org/Projects/Downtown Partnership Homeless/Annotations/complete/count/east_villiage-homeless-2018.json,2018,1,2018-01-24,east_village,east_villiage,494.58,52.0,clear
http://ds.civicknowledge.org/downtownsandiego.org/homeless-count/east_villiage/201802-001.png,vacoxNwHeTO+BXx4Xwj/vNZWd3UvHmIz4y4gHw==,/Users/eric/Google Sync/sandiegodata.org/Projects/Downtown Partnership Homeless/Annotations/complete/count/east_villiage-homeless-2018.json,2018,2,2018-02-21,east_village,east_villiage,474.38,52.0,clear
http://ds.civicknowledge.org/downtownsandiego.org/homeless-count/east_villiage/201803-001.png,mQqNcjmIfz3Ld8T+iOOSi6+b7zjQi14nz5Z9bw==,/Users/eric/Google Sync/sandiegodata.org/Projects/Downtown Partnership Homeless/Annotations/complete/count/east_villiage-homeless-2018.json,2018,3,2018-03-28,east_village,east_villiage,593.68,59.0,clear
http://ds.civicknowledge.org/downtownsandiego.org/homeless-count/east_villiage/201804-001.png,5sA/pLjVPgx+k1XI32ciHWD/WplvaGQV/iVnDg==,/Users/eric/Google Sync/sandiegodata.org/Projects/Downtown Partnership Homeless/Annotations/complete/count/east_villiage-homeless-2018.json,2018,4,2018-04-25,east_village,east_villiage,501.74,,clear
http://ds.civicknowledge.org/downtownsandiego.org/homeless-count/east_villiage/201805-001.png,HvMNizHSkf+09Wph5ifeWBIVUtKikABTMEFWvA==,/Users/eric/Google Sync/sandiegodata.org/Projects/Downtown Partnership Homeless/Annotations/complete/count/east_villiage-homeless-2018.json,2018,5,2018-05-31,east_village,east_villiage,523.16,60.0,
http://ds.civicknowledge.org/downtownsandiego.org/homeless-count/east_villiage/201806-001.png,kXKj0ubmpMn6yO4NzBoIt3FqSyvamLZNsDdvfg==,/Users/eric/Google Sync/sandiegodata.org/Projects/Downtown Partnership Homeless/Annotations/complete/count/east_villiage-homeless-2018.json,2018,6,2018-06-28,east_village,east_villiage,459.3,63.0,
http://ds.civicknowledge.org/downtownsandiego.org/homeless-count/east_villiage/201501-002.png,JzXhYw+tbzolRgoMTGAztZadafFEEI+bnJsW7A==,/Users/eric/Google Sync/sandiegodata.org/Projects/Downtown Partnership Homeless/Annotations/complete/count/east_villiage-homeless-2015.json,2015,1,2015-01-31,east_village,east_villiage,415.0,,clear
http://ds.civicknowledge.org/downtownsandiego.org/homeless-count/east_villiage/201502-002.png,amyB7hoRkhSRsdqvzb0+VJriYCYyhxdfD57RPA==,/Users/eric/Google Sync/sandiegodata.org/Projects/Downtown Partnership Homeless/Annotations/complete/count/east_villiage-homeless-2015.json,2015,2,2015-02-26,east_village,east_villiage,468.0,,clear
http://ds.civicknowledge.org/downtownsandiego.org/homeless-count/east_villiage/201503-002.png,UuClOhsX2KL7EI194TlYTGtfssJkIJ0+U2mg5w==,/Users/eric/Google Sync/sandiegodata.org/Projects/Downtown Partnership Homeless/Annotations/complete/count/east_villiage-homeless-2015.json,2015,3,2015-03-26,east_village,east_villiage,446.0,,clear
http://ds.civicknowledge.org/downtownsandiego.org/homeless-count/east_villiage/201504-002.png,ausDKjWfLezmSehQx5NTh8tsTQ4FDWbeY5lGzQ==,/Users/eric/Google Sync/sandiegodata.org/Projects/Downtown Partnership Homeless/Annotations/complete/count/east_villiage-homeless-2015.json,2015,4,2015-04-30,east_village,east_villiage,424.0,,clear
http://ds.civicknowledge.org/downtownsandiego.org/homeless-count/east_villiage/201505-002.png,7sDXr0AIofWgT1rESNHw0wwSfwHBNuIbhjxTPg==,/Users/eric/Google Sync/sandiegodata.org/Projects/Downtown Partnership Homeless/Annotations/complete/count/east_villiage-homeless-2015.json,2015,5,2015-05-31,east_village,east_villiage,386.0,,clear
http://ds.civicknowledge.org/downtownsandiego.org/homeless-count/east_villiage/201507-002.png,O5NcxWmQfhQU+5aalo7i1IDY0YWUZD+ouezBpA==,/Users/eric/Google Sync/sandiegodata.org/Projects/Downtown Partnership Homeless/Annotations/complete/count/east_villiage-homeless-2015.json,2015,7,2015-07-31,east_village,east_villiage,474.0,,clear
http://ds.civicknowledge.org/downtownsandiego.org/homeless-count/east_villiage/201508-002.png,P2tXymG92H1Of3vLjWV0P35nRe0WSygbJSnkeg==,/Users/eric/Google Sync/sandiegodata.org/Projects/Downtown Partnership Homeless/Annotations/complete/count/east_villiage-homeless-2015.json,2015,8,2015-08-27,east_village,east_villiage,405.0,,clear
http://ds.civicknowledge.org/downtownsandiego.org/homeless-count/east_villiage/201509-002.png,ZtJ+3se8q8Ji2oNPZ61/fpbTqpYMdwZWGGtAww==,/Users/eric/Google Sync/sandiegodata.org/Projects/Downtown Partnership Homeless/Annotations/complete/count/east_villiage-homeless-2015.json,2015,9,2015-09-25,east_village,east_villiage,366.0,,clear
http://ds.civicknowledge.org/downtownsandiego.org/homeless-count/east_villiage/201510-002.png,vR9DgYZE8J9PhfHnUZPG4fTbaMJE8f53HRgoyQ==,/Users/eric/Google Sync/sandiegodata.org/Projects/Downtown Partnership Homeless/Annotations/complete/count/east_villiage-homeless-2015.json,2015,10,2015-10-31,east_village,east_villiage,472.0,,rain
http://ds.civicknowledge.org/downtownsandiego.org/homeless-count/east_villiage/201511-002.png,JkoX20TM0wfeCvYCN27l0dNHy+2KOq8tMVma2Q==,/Users/eric/Google Sync/sandiegodata.org/Projects/Downtown Partnership Homeless/Annotations/complete/count/east_villiage-homeless-2015.json,2015,11,2015-11-25,east_village,east_villiage,548.0,,rain
http://ds.civicknowledge.org/downtownsandiego.org/homeless-count/east_villiage/201512-001.png,M4Y/I9uqgg025mUTq4Wr3JHFYXS2H/fz6rtp3Q==,/Users/eric/Google Sync/sandiegodata.org/Projects/Downtown Partnership Homeless/Annotations/complete/count/east_villiage-homeless-2015.json,2015,12,2015-12-31,east_village,east_villiage,604.0,,rain
http://ds.civicknowledge.org/downtownsandiego.org/homeless-count/east_villiage/201601-000.png,gsLG0Eed8b1/haqKwGegVgYAqxws119cdu/aKQ==,/Users/eric/Google Sync/sandiegodata.org/Projects/Downtown Partnership Homeless/Annotations/complete/count/east_villiage-homeless-2016.json,2016,1,2016-01-29,east_village,east_villiage,391.0,,
http://ds.civicknowledge.org/downtownsandiego.org/homeless-count/east_villiage/201602-000.png,yFy16CoBqHCcx7iWSss8R33UDciw6kTHsXr6RA==,/Users/eric/Google Sync/sandiegodata.org/Projects/Downtown Partnership Homeless/Annotations/complete/count/east_villiage-homeless-2016.json,2016,2,2016-02-25,east_village,east_villiage,518.0,,clear
http://ds.civicknowledge.org/downtownsandiego.org/homeless-count/east_villiage/201603-000.png,/i+7D4ULCXLsKAiYrZ7yB5Qj6AumggUZUaltnA==,/Users/eric/Google Sync/sandiegodata.org/Projects/Downtown Partnership Homeless/Annotations/complete/count/east_villiage-homeless-2016.json,2016,3,2016-03-01,east_village,east_villiage,549.0,,
http://ds.civicknowledge.org/downtownsandiego.org/homeless-count/east_villiage/201604-000.png,tTVfwSiHz/H7rhfRlUtujImU9fsefwCDra5f9g==,/Users/eric/Google Sync/sandiegodata.org/Projects/Downtown Partnership Homeless/Annotations/complete/count/east_villiage-homeless-2016.json,2016,4,2016-04-01,east_village,east_villiage,619.0,,
http://ds.civicknowledge.org/downtownsandiego.org/homeless-count/east_villiage/201605-000.png,2+f7ey8rhbvQVdfHYuwBKkAHeBBQVaFETgn/Qg==,/Users/eric/Google Sync/sandiegodata.org/Projects/Downtown Partnership Homeless/Annotations/complete/count/east_villiage-homeless-2016.json,2016,5,2016-05-01,east_village,east_villiage,785.0,,
http://ds.civicknowledge.org/downtownsandiego.org/homeless-count/east_villiage/201606-000.png,dPkmReL/mPNtibLqnZzVXMSYvC8OG2fqpg7+Lg==,/Users/eric/Google Sync/sandiegodata.org/Projects/Downtown Partnership Homeless/Annotations/complete/count/east_villiage-homeless-2016.json,2016,6,2016-06-30,east_village,east_villiage,850.0,,
http://ds.civicknowledge.org/downtownsandiego.org/homeless-count/east_villiage/201607-000.png,RLaWkfXpaovcfDUhtiN6ZcGaLWkOXM9Y/XekXQ==,/Users/eric/Google Sync/sandiegodata.org/Projects/Downtown Partnership Homeless/Annotations/complete/count/east_villiage-homeless-2016.json,2016,7,2016-07-28,east_village,east_villiage,866.0,,
http://ds.civicknowledge.org/downtownsandiego.org/homeless-count/east_villiage/201608-000.png,MAuUPfY5hMvF5T/Y/HoPuLMuBzYdgVqhmLKejA==,/Users/eric/Google Sync/sandiegodata.org/Projects/Downtown Partnership Homeless/Annotations/complete/count/east_villiage-homeless-2016.json,2016,8,2016-08-24,east_village,east_villiage,894.0,,
http://ds.civicknowledge.org/downtownsandiego.org/homeless-count/east_villiage/201609-000.png,LZpnUJdvlbD3Bk8CC9jqYgYp2GPY8HGZDv9GmQ==,/Users/eric/Google Sync/sandiegodata.org/Projects/Downtown Partnership Homeless/Annotations/complete/count/east_villiage-homeless-2016.json,2016,9,2016-09-01,east_village,east_villiage,741.0,,
http://ds.civicknowledge.org/downtownsandiego.org/homeless-count/east_villiage/201610-000.png,7btTNMGeFumQqtAWMc82F0nG+BCypTszbOJ7Sg==,/Users/eric/Google Sync/sandiegodata.org/Projects/Downtown Partnership Homeless/Annotations/complete/count/east_villiage-homeless-2016.json,2016,10,2016-10-26,east_village,east_villiage,783.0,,
http://ds.civicknowledge.org/downtownsandiego.org/homeless-count/east_villiage/201611-000.png,0pp5EIfXgFpYP7bSbtNGmSEWDyFRl57br7ewwQ==,/Users/eric/Google Sync/sandiegodata.org/Projects/Downtown Partnership Homeless/Annotations/complete/count/east_villiage-homeless-2016.json,2016,11,2016-11-23,east_village,east_villiage,844.0,50.0,
http://ds.civicknowledge.org/downtownsandiego.org/homeless-count/east_villiage/201612-000.png,lGU0Zh1oHpC5y/sGaLMLuzOpQtmWgBAQeelWpQ==,/Users/eric/Google Sync/sandiegodata.org/Projects/Downtown Partnership Homeless/Annotations/complete/count/east_villiage-homeless-2016.json,2016,12,2016-12-29,east_village,east_villiage,1094.0,48.0,
http://ds.civicknowledge.org/downtownsandiego.org/homeless-count/east_villiage/201701-000.png,UBhRpzN2Rrxiysl/eBTB+WmHMC0fu0Nu5RQlnw==,/Users/eric/Google Sync/sandiegodata.org/Projects/Downtown Partnership Homeless/Annotations/complete/count/east_villiage-homeless-2017.json,2017,1,2017-01-26,east_village,east_villiage,629.0,42.0,
http://ds.civicknowledge.org/downtownsandiego.org/homeless-count/east_villiage/201702-000.png,tzh5dM3GRFAE66WlnA4sXfV7Gy8Bz1m6MC+h1A==,/Users/eric/Google Sync/sandiegodata.org/Projects/Downtown Partnership Homeless/Annotations/complete/count/east_villiage-homeless-2017.json,2017,2,2017-02-23,east_village,east_villiage,663.0,55.0,
http://ds.civicknowledge.org/downtownsandiego.org/homeless-count/east_villiage/201703-000.png,JTRJVTLZPfMRObcR4fps0pxu4YS65EAVZtbW7Q==,/Users/eric/Google Sync/sandiegodata.org/Projects/Downtown Partnership Homeless/Annotations/complete/count/east_villiage-homeless-2017.json,2017,3,2017-03-30,east_village,east_villiage,783.0,58.0,
http://ds.civicknowledge.org/downtownsandiego.org/homeless-count/east_villiage/201704-000.png,yCEjsE4lg2gvjiWGRg8OXnbQHxA/vrwRfgXlAw==,/Users/eric/Google Sync/sandiegodata.org/Projects/Downtown Partnership Homeless/Annotations/complete/count/east_villiage-homeless-2017.json,2017,4,2017-04-26,east_village,east_villiage,598.0,64.0,clear
http://ds.civicknowledge.org/downtownsandiego.org/homeless-count/east_villiage/201705-000.png,ieFUA5aVKqgR5j3AYIOofhzQZQ4cAT5BdATvkw==,/Users/eric/Google Sync/sandiegodata.org/Projects/Downtown Partnership Homeless/Annotations/complete/count/east_villiage-homeless-2017.json,2017,5,2017-05-25,east_village,east_villiage,548.0,59.0,clear
http://ds.civicknowledge.org/downtownsandiego.org/homeless-count/east_villiage/201706-000.png,t8EtI8uAi7sxVJjagzru75c1a3n/oM3Shq2E6w==,/Users/eric/Google Sync/sandiegodata.org/Projects/Downtown Partnership Homeless/Annotations/complete/count/east_villiage-homeless-2017.json,2017,6,2017-06-29,east_village,east_villiage,781.0,62.0,clear
http://ds.civicknowledge.org/downtownsandiego.org/homeless-count/east_villiage/201707-000.png,klsyRgBIXtthQ8cABsPefwyAFXeRBZRUphV/Sg==,/Users/eric/Google Sync/sandiegodata.org/Projects/Downtown Partnership Homeless/Annotations/complete/count/east_villiage-homeless-2017.json,2017,7,2017-07-27,east_village,east_villiage,734.26,67.0,clear
http://ds.civicknowledge.org/downtownsandiego.org/homeless-count/east_villiage/201708-000.png,IG88NnfeJ4QDsKIx/JvjhYelOCq7C/xfsPl5Ww==,/Users/eric/Google Sync/sandiegodata.org/Projects/Downtown Partnership Homeless/Annotations/complete/count/east_villiage-homeless-2017.json,2017,8,2017-08-31,east_village,east_villiage,884.6,,
http://ds.civicknowledge.org/downtownsandiego.org/homeless-count/east_villiage/201709-002.png,U5zfvzN6qtG6gIyk/WMJ6R2uKnxHbV5w3q0LlA==,/Users/eric/Google Sync/sandiegodata.org/Projects/Downtown Partnership Homeless/Annotations/complete/count/east_villiage-homeless-2017.json,2017,9,2017-09-27,east_village,east_villiage,767.61,66.0,clear
http://ds.civicknowledge.org/downtownsandiego.org/homeless-count/east_villiage/201710-002.png,amDRx5rGcd7HFtmg4QfnUMfvnWidiAHfqCWmKg==,/Users/eric/Google Sync/sandiegodata.org/Projects/Downtown Partnership Homeless/Annotations/complete/count/east_villiage-homeless-2017.json,2017,10,2017-10-25,east_village,east_villiage,648.58,66.0,clear
http://ds.civicknowledge.org/downtownsandiego.org/homeless-count/east_villiage/201711-002.png,/DwvKJJ8ywLriqvibK26S5X7lz8+u3uzrnSy4Q==,/Users/eric/Google Sync/sandiegodata.org/Projects/Downtown Partnership Homeless/Annotations/complete/count/east_villiage-homeless-2017.json,2017,11,2017-11-29,east_village,east_villiage,579.99,59.0,clear
http://ds.civicknowledge.org/downtownsandiego.org/homeless-count/east_villiage/201712-002.png,tHVyLAZMyUzScCHLdlgT3qehNtdN3Us+XEEC3g==,/Users/eric/Google Sync/sandiegodata.org/Projects/Downtown Partnership Homeless/Annotations/complete/count/east_villiage-homeless-2017.json,2017,12,2017-12-27,east_village,east_villiage,662.93,54.0,clear
http://ds.civicknowledge.org/downtownsandiego.org/homeless-count/marina/201801-005.png,75VDwUh0JV371CLBa1Vg5gLFsfFkLhPCeQiSSA==,/Users/eric/Google Sync/sandiegodata.org/Projects/Downtown Partnership Homeless/Annotations/complete/count/marina-homeless-2018.json,2018,1,2018-01-24,marina,marina,29.0,52.0,clear
http://ds.civicknowledge.org/downtownsandiego.org/homeless-count/marina/201802-005.png,QdfJyRgW3qixNWn4E6MBhbzsi2xymE02V+5NSA==,/Users/eric/Google Sync/sandiegodata.org/Projects/Downtown Partnership Homeless/Annotations/complete/count/marina-homeless-2018.json,2018,2,2018-02-21,marina,marina,31.0,52.0,clear
http://ds.civicknowledge.org/downtownsandiego.org/homeless-count/marina/201803-005.png,5J/hYZOsZuRFZE0lEGfbjbMJX+c01uNuCCXj7w==,/Users/eric/Google Sync/sandiegodata.org/Projects/Downtown Partnership Homeless/Annotations/complete/count/marina-homeless-2018.json,2018,3,2018-03-28,marina,marina,29.0,59.0,clear
http://ds.civicknowledge.org/downtownsandiego.org/homeless-count/marina/201804-005.png,wvg85G1Iumh/qJJfBCXNEHOE7Y+n+i05EKyJNw==,/Users/eric/Google Sync/sandiegodata.org/Projects/Downtown Partnership Homeless/Annotations/complete/count/marina-homeless-2018.json,2018,4,2018-04-25,marina,marina,36.0,,clear
http://ds.civicknowledge.org/downtownsandiego.org/homeless-count/marina/201805-005.png,QBxWw0qLqdy+HCbJsA0286lb5adF3WyWFjwvpA==,/Users/eric/Google Sync/sandiegodata.org/Projects/Downtown Partnership Homeless/Annotations/complete/count/marina-homeless-2018.json,2018,5,2018-05-31,marina,marina,29.0,,clear
http://ds.civicknowledge.org/downtownsandiego.org/homeless-count/marina/201806-005.png,ccWSEklmjYyLCiysPCzUGdZ7XvHYWfBQds6oqw==,/Users/eric/Google Sync/sandiegodata.org/Projects/Downtown Partnership Homeless/Annotations/complete/count/marina-homeless-2018.json,2018,6,2018-06-28,marina,marina,49.0,62.0,clear
http://ds.civicknowledge.org/downtownsandiego.org/homeless-count/core/201601-001.png,O88FakQNuGDmkRQm745TvLO2NwrRm/Pk16JEHg==,/Users/eric/Google Sync/sandiegodata.org/Projects/Downtown Partnership Homeless/Annotations/complete/count/core-homeless-2016.json,2016,1,2016-01-31,core,core,147.0,,
http://ds.civicknowledge.org/downtownsandiego.org/homeless-count/core/201602-001.png,L1tSuhGz6Q6bm8LpPL38DmbSa242PS+v6awxgg==,/Users/eric/Google Sync/sandiegodata.org/Projects/Downtown Partnership Homeless/Annotations/complete/count/core-homeless-2016.json,2016,2,2016-02-25,core,core,118.0,,clear
http://ds.civicknowledge.org/downtownsandiego.org/homeless-count/core/201603-001.png,9sg4+ylRoYED5QFbgwr3IMM74t56+Q0UbmqXgQ==,/Users/eric/Google Sync/sandiegodata.org/Projects/Downtown Partnership Homeless/Annotations/complete/count/core-homeless-2016.json,2016,3,2016-03-31,core,core,123.0,,
http://ds.civicknowledge.org/downtownsandiego.org/homeless-count/core/201604-001.png,1JKfXN2PYWHGhwC8kZxJgNtgRkZS27plBPbrkw==,/Users/eric/Google Sync/sandiegodata.org/Projects/Downtown Partnership Homeless/Annotations/complete/count/core-homeless-2016.json,2016,4,2016-04-30,core,core,97.0,,
http://ds.civicknowledge.org/downtownsandiego.org/homeless-count/core/201605-001.png,21j4hZBn4dOrYYmmCZTg+wufUa430bVnR6ih1w==,/Users/eric/Google Sync/sandiegodata.org/Projects/Downtown Partnership Homeless/Annotations/complete/count/core-homeless-2016.json,2016,5,2016-05-31,core,core,167.0,,
http://ds.civicknowledge.org/downtownsandiego.org/homeless-count/core/201606-001.png,wf8aJSvTLJie2hiYjdML8WZX/1v1lFQFWuBGBw==,/Users/eric/Google Sync/sandiegodata.org/Projects/Downtown Partnership Homeless/Annotations/complete/count/core-homeless-2016.json,2016,6,2016-06-30,core,core,97.0,,
http://ds.civicknowledge.org/downtownsandiego.org/homeless-count/core/201607-001.png,vfxKyAoiwBIGG9A45uU0cq9hitsu1VDLwS2COQ==,/Users/eric/Google Sync/sandiegodata.org/Projects/Downtown Partnership Homeless/Annotations/complete/count/core-homeless-2016.json,2016,7,2016-07-31,core,core,119.0,,
http://ds.civicknowledge.org/downtownsandiego.org/homeless-count/core/201608-001.png,qvBdrL6f7pFbhFGWWUJq8Frqb5mLgu1rJXABKA==,/Users/eric/Google Sync/sandiegodata.org/Projects/Downtown Partnership Homeless/Annotations/complete/count/core-homeless-2016.json,2016,8,2016-08-24,core,core,276.0,,
http://ds.civicknowledge.org/downtownsandiego.org/homeless-count/core/201609-001.png,PcBrbJSu8wP6LSSRlP+ZGLnxHacoLa1J0Ngq9w==,/Users/eric/Google Sync/sandiegodata.org/Projects/Downtown Partnership Homeless/Annotations/complete/count/core-homeless-2016.json,2016,9,2016-09-30,core,core,168.0,,
http://ds.civicknowledge.org/downtownsandiego.org/homeless-count/core/201610-001.png,1Q/KhC9we3yx5t7qkl49ktKYYHxEWqiJVpe3pQ==,/Users/eric/Google Sync/sandiegodata.org/Projects/Downtown Partnership Homeless/Annotations/complete/count/core-homeless-2016.json,2016,10,2016-10-27,core,core,148.0,,
http://ds.civicknowledge.org/downtownsandiego.org/homeless-count/core/201611-001.png,TBH/DJ8bh3V9B38AMw4BxNEi4B36HOQbii5/8Q==,/Users/eric/Google Sync/sandiegodata.org/Projects/Downtown Partnership Homeless/Annotations/complete/count/core-homeless-2016.json,2016,11,2016-11-23,core,core,138.0,50.0,
http://ds.civicknowledge.org/downtownsandiego.org/homeless-count/core/201612-001.png,dlbf+6kfKyFDHr+1oYaPdOYzjdyAtpIYQepycA==,/Users/eric/Google Sync/sandiegodata.org/Projects/Downtown Partnership Homeless/Annotations/complete/count/core-homeless-2016.json,2016,12,2016-12-29,core,core,132.0,48.0,
http://ds.civicknowledge.org/downtownsandiego.org/homeless-count/columbia/201509-004.png,53S5N5sBFSvRbDCMrbDxKf+faQ435EcEGxrWGg==,/Users/eric/Google Sync/sandiegodata.org/Projects/Downtown Partnership Homeless/Annotations/complete/count/columbia-homeless-2015.json,2015,9,2015-09-25,columbia,columbia,41.0,,clear
http://ds.civicknowledge.org/downtownsandiego.org/homeless-count/cortez/201701-004.png,meunnUiWD6K1AqWysAzABvZxY5aJki8V+GM5PA==,/Users/eric/Google Sync/sandiegodata.org/Projects/Downtown Partnership Homeless/Annotations/complete/count/cortez-homeless-2017.json,2017,1,2017-01-26,cortez,cortez,32.0,42.0,
http://ds.civicknowledge.org/downtownsandiego.org/homeless-count/cortez/201702-004.png,pJ1WefODno64uhJ5mt9UT2zig23ZGmNHLgA6IQ==,/Users/eric/Google Sync/sandiegodata.org/Projects/Downtown Partnership Homeless/Annotations/complete/count/cortez-homeless-2017.json,2017,2,2017-02-23,cortez,cortez,42.0,55.0,
http://ds.civicknowledge.org/downtownsandiego.org/homeless-count/cortez/201703-004.png,Lm++F9vvbT4Uiixo4+zXfc044ZfBr8AeZHIIUw==,/Users/eric/Google Sync/sandiegodata.org/Projects/Downtown Partnership Homeless/Annotations/complete/count/cortez-homeless-2017.json,2017,3,2017-03-30,cortez,cortez,37.0,58.0,
http://ds.civicknowledge.org/downtownsandiego.org/homeless-count/cortez/201704-005.png,xdtcp/9ODj1zu+qZMpJ99AAg9nhHXwIlm2sq5w==,/Users/eric/Google Sync/sandiegodata.org/Projects/Downtown Partnership Homeless/Annotations/complete/count/cortez-homeless-2017.json,2017,4,2017-04-26,cortez,cortez,24.0,64.0,clear
http://ds.civicknowledge.org/downtownsandiego.org/homeless-count/cortez/201705-005.png,3aUM6RvwhqMLTXcNv3Sens8JOec0mlrn+4Xg+A==,/Users/eric/Google Sync/sandiegodata.org/Projects/Downtown Partnership Homeless/Annotations/complete/count/cortez-homeless-2017.json,2017,5,2017-05-25,cortez,cortez,46.0,59.0,clear
http://ds.civicknowledge.org/downtownsandiego.org/homeless-count/cortez/201706-005.png,UfLR0h9Da9EPeQpRe3lKbbBIpwhY4+OMZ4HuQw==,/Users/eric/Google Sync/sandiegodata.org/Projects/Downtown Partnership Homeless/Annotations/complete/count/cortez-homeless-2017.json,2017,6,2017-06-29,cortez,cortez,52.0,62.0,
http://ds.civicknowledge.org/downtownsandiego.org/homeless-count/cortez/201707-005.png,Mmh28staKxIaAACRBkeqR8qefboXZt26MvPlIg==,/Users/eric/Google Sync/sandiegodata.org/Projects/Downtown Partnership Homeless/Annotations/complete/count/cortez-homeless-2017.json,2017,7,2017-07-27,cortez,cortez,60.0,67.0,clear
http://ds.civicknowledge.org/downtownsandiego.org/homeless-count/cortez/201708-005.png,0K7oDCcX/Pigf7F4HvN+BfgAhCERjG5BY1QWGw==,/Users/eric/Google Sync/sandiegodata.org/Projects/Downtown Partnership Homeless/Annotations/complete/count/cortez-homeless-2017.json,2017,8,2017-08-31,cortez,cortez,72.0,,
http://ds.civicknowledge.org/downtownsandiego.org/homeless-count/cortez/201709-007.png,0Z+NgJjE9yOppS/7Ue+9UUC3UGsOAOz60qqpfw==,/Users/eric/Google Sync/sandiegodata.org/Projects/Downtown Partnership Homeless/Annotations/complete/count/cortez-homeless-2017.json,2017,9,2017-09-27,cortez,cortez,88.0,66.0,clear
http://ds.civicknowledge.org/downtownsandiego.org/homeless-count/cortez/201710-007.png,csLVXxUmS9RbFfeJ0+Vu8LHLKU5ZsNB8kPDpOQ==,/Users/eric/Google Sync/sandiegodata.org/Projects/Downtown Partnership Homeless/Annotations/complete/count/cortez-homeless-2017.json,2017,10,2017-10-27,cortez,cortez,67.0,66.0,clear
http://ds.civicknowledge.org/downtownsandiego.org/homeless-count/cortez/201711-007.png,CUKvrI2+c/h6vmNRLT6JW/D/TGsG+HgToziE+w==,/Users/eric/Google Sync/sandiegodata.org/Projects/Downtown Partnership Homeless/Annotations/complete/count/cortez-homeless-2017.json,2017,11,2017-11-29,cortez,cortez,56.0,59.0,clear
http://ds.civicknowledge.org/downtownsandiego.org/homeless-count/cortez/201712-007.png,Tkq/Hu4lgfkU0dgJRSKMwmcG/bN9KYWVJ1l7VA==,/Users/eric/Google Sync/sandiegodata.org/Projects/Downtown Partnership Homeless/Annotations/complete/count/cortez-homeless-2017.json,2017,12,2017-12-27,cortez,cortez,53.0,54.0,clear
http://ds.civicknowledge.org/downtownsandiego.org/homeless-count/marina/201401-marina.png,t5dLIFZRtc+1V0LbtZki1V1u1QrP0IC1J9r2xQ==,/Users/eric/Google Sync/sandiegodata.org/Projects/Downtown Partnership Homeless/Annotations/complete/count/marina-homeless-2014.json,2014,1,2014-01-01,marina,marina,24.0,,
http://ds.civicknowledge.org/downtownsandiego.org/homeless-count/marina/201402-005.png,IpIWgGuoFlOB+Rdb3ohAxQLiOpaTfv6pVW1evw==,/Users/eric/Google Sync/sandiegodata.org/Projects/Downtown Partnership Homeless/Annotations/complete/count/marina-homeless-2014.json,2014,2,2014-02-01,marina,marina,19.0,,
http://ds.civicknowledge.org/downtownsandiego.org/homeless-count/marina/201403-004.png,rVBKvajfJS+DKceGpRp6LjvF4uyZLOQpcQbZaw==,/Users/eric/Google Sync/sandiegodata.org/Projects/Downtown Partnership Homeless/Annotations/complete/count/marina-homeless-2014.json,2014,3,2014-03-01,marina,marina,23.0,,
http://ds.civicknowledge.org/downtownsandiego.org/homeless-count/marina/201404-004.png,SiC6EwQVKWRJaQG2yCpg37QLtfpIHhy/TNl8EQ==,/Users/eric/Google Sync/sandiegodata.org/Projects/Downtown Partnership Homeless/Annotations/complete/count/marina-homeless-2014.json,2014,4,2014-04-01,marina,marina,15.0,,
http://ds.civicknowledge.org/downtownsandiego.org/homeless-count/marina/201405-003.png,LRWVk+xAVkI4RfPXz3/rKiWBZJMH6kP26KlH2Q==,/Users/eric/Google Sync/sandiegodata.org/Projects/Downtown Partnership Homeless/Annotations/complete/count/marina-homeless-2014.json,2014,5,2014-05-01,marina,marina,16.0,,
http://ds.civicknowledge.org/downtownsandiego.org/homeless-count/marina/201406-004.png,8WQ/H3w6VEhvJEhybR5fizdlvvD2o44XS63RHg==,/Users/eric/Google Sync/sandiegodata.org/Projects/Downtown Partnership Homeless/Annotations/complete/count/marina-homeless-2014.json,2014,6,2014-06-01,marina,marina,20.0,,
http://ds.civicknowledge.org/downtownsandiego.org/homeless-count/marina/201407-004.png,rxiLWvgn/uKNJ/czL58V8W0HybyhsXnjZUqedA==,/Users/eric/Google Sync/sandiegodata.org/Projects/Downtown Partnership Homeless/Annotations/complete/count/marina-homeless-2014.json,2014,7,2014-07-01,marina,marina,37.0,,
http://ds.civicknowledge.org/downtownsandiego.org/homeless-count/marina/201410-004.png,QwWn7ciOsATbnnZyKxWClJsUfdAGSPa3AkNQIA==,/Users/eric/Google Sync/sandiegodata.org/Projects/Downtown Partnership Homeless/Annotations/complete/count/marina-homeless-2014.json,2014,10,2014-10-01,marina,marina,49.0,,
http://ds.civicknowledge.org/downtownsandiego.org/homeless-count/marina/201411-004.png,YQ/G3QHAhwJyBU4FCUENB/IL/jKkF4fDIvuKzg==,/Users/eric/Google Sync/sandiegodata.org/Projects/Downtown Partnership Homeless/Annotations/complete/count/marina-homeless-2014.json,2014,11,2014-11-01,marina,marina,18.0,,
http://ds.civicknowledge.org/downtownsandiego.org/homeless-count/marina/201412-006.png,NMsT0jREAwYAo+tYohxVScXME6xkTtcZSJFyKw==,/Users/eric/Google Sync/sandiegodata.org/Projects/Downtown Partnership Homeless/Annotations/complete/count/marina-homeless-2014.json,2014,12,2014-12-01,marina,marina,15.0,,
http://ds.civicknowledge.org/downtownsandiego.org/homeless-count/gaslamp/201601-005.png,kZigFlPiAmxyrqSS2rU+FQ6zlEsSuNzAqfidvg==,/Users/eric/Google Sync/sandiegodata.org/Projects/Downtown Partnership Homeless/Annotations/complete/count/gaslamp-homeless-2016.json,2016,1,2016-01-29,gaslamp,gaslamp,24.0,,
http://ds.civicknowledge.org/downtownsandiego.org/homeless-count/gaslamp/201602-005.png,csp0oz2zRd5FGzw+2pXAfoPGU/Xzn0VHScXeug==,/Users/eric/Google Sync/sandiegodata.org/Projects/Downtown Partnership Homeless/Annotations/complete/count/gaslamp-homeless-2016.json,2016,2,2016-02-25,gaslamp,gaslamp,50.0,,clear
http://ds.civicknowledge.org/downtownsandiego.org/homeless-count/gaslamp/201603-005.png,eTmJUc37kiCtOW2H6awCJFnHhxtQpuj82xj4Og==,/Users/eric/Google Sync/sandiegodata.org/Projects/Downtown Partnership Homeless/Annotations/complete/count/gaslamp-homeless-2016.json,2016,3,2016-03-01,gaslamp,gaslamp,39.0,,
http://ds.civicknowledge.org/downtownsandiego.org/homeless-count/gaslamp/201604-005.png,P4D6M+yAm2tbdUsZCbfGO+OAXmlUMGP2AelhUg==,/Users/eric/Google Sync/sandiegodata.org/Projects/Downtown Partnership Homeless/Annotations/complete/count/gaslamp-homeless-2016.json,2016,4,2016-04-01,gaslamp,gaslamp,40.0,,
http://ds.civicknowledge.org/downtownsandiego.org/homeless-count/gaslamp/201605-005.png,ujX5zvmoXPEh4uJmCX/RUpWozrPYXnl8txfA2Q==,/Users/eric/Google Sync/sandiegodata.org/Projects/Downtown Partnership Homeless/Annotations/complete/count/gaslamp-homeless-2016.json,2016,5,2016-05-01,gaslamp,gaslamp,38.0,,
http://ds.civicknowledge.org/downtownsandiego.org/homeless-count/gaslamp/201606-005.png,E3tYvPlBplK0163mEs9Uyh2nG2yUiiX+7c0HQg==,/Users/eric/Google Sync/sandiegodata.org/Projects/Downtown Partnership Homeless/Annotations/complete/count/gaslamp-homeless-2016.json,2016,6,2016-06-30,gaslamp,gaslamp,49.0,,
http://ds.civicknowledge.org/downtownsandiego.org/homeless-count/gaslamp/201607-005.png,TRYfx/NcVddOPBABq1qiYzH4lTq1JWZ9tuozMw==,/Users/eric/Google Sync/sandiegodata.org/Projects/Downtown Partnership Homeless/Annotations/complete/count/gaslamp-homeless-2016.json,2016,7,2016-07-28,gaslamp,gaslamp,37.0,,
http://ds.civicknowledge.org/downtownsandiego.org/homeless-count/gaslamp/201608-005.png,AwA32CwstnhZ0xCQCXoyhIAfeRk6Dal2KNWG1w==,/Users/eric/Google Sync/sandiegodata.org/Projects/Downtown Partnership Homeless/Annotations/complete/count/gaslamp-homeless-2016.json,2016,8,2016-08-24,gaslamp,gaslamp,45.0,,
http://ds.civicknowledge.org/downtownsandiego.org/homeless-count/gaslamp/201609-005.png,iKR6BhuJqBse5ZtOMckk3k0oZlWNQK6Nzu3X3Q==,/Users/eric/Google Sync/sandiegodata.org/Projects/Downtown Partnership Homeless/Annotations/complete/count/gaslamp-homeless-2016.json,2016,9,2016-09-01,gaslamp,gaslamp,50.0,,
http://ds.civicknowledge.org/downtownsandiego.org/homeless-count/gaslamp/201610-005.png,+zajkYr2RVfGnSXAB/EyvAxLNPMVDi7NFxIFCg==,/Users/eric/Google Sync/sandiegodata.org/Projects/Downtown Partnership Homeless/Annotations/complete/count/gaslamp-homeless-2016.json,2016,10,2016-10-27,gaslamp,gaslamp,34.0,,
http://ds.civicknowledge.org/downtownsandiego.org/homeless-count/gaslamp/201611-005.png,murKOrzdl26lvLFbsbNaHYKBfrXyV2niynPkMw==,/Users/eric/Google Sync/sandiegodata.org/Projects/Downtown Partnership Homeless/Annotations/complete/count/gaslamp-homeless-2016.json,2016,11,2016-11-23,gaslamp,gaslamp,48.0,50.0,
http://ds.civicknowledge.org/downtownsandiego.org/homeless-count/gaslamp/201612-005.png,Hp/WoGLAzMWrLhawJvmHW7PczZCrGsL6c1d9BA==,/Users/eric/Google Sync/sandiegodata.org/Projects/Downtown Partnership Homeless/Annotations/complete/count/gaslamp-homeless-2016.json,2016,12,2016-12-29,gaslamp,gaslamp,50.0,48.0,
http://ds.civicknowledge.org/downtownsandiego.org/homeless-count/gaslamp/201701-005.png,ioh7/nFNqlDzfavpQgPr6sbWG6ScOr/5fo3WQA==,/Users/eric/Google Sync/sandiegodata.org/Projects/Downtown Partnership Homeless/Annotations/complete/count/gaslamp-homeless-2017.json,2017,1,2017-01-26,gaslamp,gaslamp,42.0,42.0,
http://ds.civicknowledge.org/downtownsandiego.org/homeless-count/gaslamp/201702-005.png,X5D0mP8r2WuSneXtoAmmg0uIIJvUY63Qm5sIyQ==,/Users/eric/Google Sync/sandiegodata.org/Projects/Downtown Partnership Homeless/Annotations/complete/count/gaslamp-homeless-2017.json,2017,2,2017-02-23,gaslamp,gaslamp,57.0,55.0,
http://ds.civicknowledge.org/downtownsandiego.org/homeless-count/gaslamp/201703-005.png,D4R/NdCtOSHtGZR5B2JMsSE46vLeRZBD16o0WA==,/Users/eric/Google Sync/sandiegodata.org/Projects/Downtown Partnership Homeless/Annotations/complete/count/gaslamp-homeless-2017.json,2017,3,2017-03-30,gaslamp,gaslamp,40.0,58.0,
http://ds.civicknowledge.org/downtownsandiego.org/homeless-count/gaslamp/201704-006.png,ErxUtufgwy6v037l00r7Ny8JMNp5UfhcpZ+GYQ==,/Users/eric/Google Sync/sandiegodata.org/Projects/Downtown Partnership Homeless/Annotations/complete/count/gaslamp-homeless-2017.json,2017,4,2017-04-26,gaslamp,gaslamp,43.0,64.0,clear
http://ds.civicknowledge.org/downtownsandiego.org/homeless-count/gaslamp/201705-006.png,GuT7Qt1Waxo92LW5gn6GMz5rTsolRZ/Z0i/nRQ==,/Users/eric/Google Sync/sandiegodata.org/Projects/Downtown Partnership Homeless/Annotations/complete/count/gaslamp-homeless-2017.json,2017,5,2017-05-25,gaslamp,gaslamp,48.0,59.0,clear
http://ds.civicknowledge.org/downtownsandiego.org/homeless-count/gaslamp/201706-006.png,CGHxxWOk6wxkoL33mHM1hLwd2VODYia3UQYAcg==,/Users/eric/Google Sync/sandiegodata.org/Projects/Downtown Partnership Homeless/Annotations/complete/count/gaslamp-homeless-2017.json,2017,6,2017-06-29,gaslamp,gaslamp,53.0,62.0,clear
http://ds.civicknowledge.org/downtownsandiego.org/homeless-count/gaslamp/201707-006.png,SeiW2AS3xUBtIXY1oQZV29lGSgXIx5mtkd4VWQ==,/Users/eric/Google Sync/sandiegodata.org/Projects/Downtown Partnership Homeless/Annotations/complete/count/gaslamp-homeless-2017.json,2017,7,2017-07-27,gaslamp,gaslamp,47.0,67.0,clear
http://ds.civicknowledge.org/downtownsandiego.org/homeless-count/gaslamp/201708-006.png,bncaQBZwz3yzrjSIAnoeprA/jxWe9SLHso1buQ==,/Users/eric/Google Sync/sandiegodata.org/Projects/Downtown Partnership Homeless/Annotations/complete/count/gaslamp-homeless-2017.json,2017,8,2017-08-31,gaslamp,gaslamp,65.0,,
http://ds.civicknowledge.org/downtownsandiego.org/homeless-count/gaslamp/201709-008.png,Icit5hHzzMyT3Oy/IVHaJLVBGAHzbsqJTWX64Q==,/Users/eric/Google Sync/sandiegodata.org/Projects/Downtown Partnership Homeless/Annotations/complete/count/gaslamp-homeless-2017.json,2017,9,2017-09-27,gaslamp,gaslamp,85.0,66.0,clear
http://ds.civicknowledge.org/downtownsandiego.org/homeless-count/gaslamp/201710-008.png,UHdnjdkX6Rj4A32tanzvZwaj9jfl6rKD4wIX+g==,/Users/eric/Google Sync/sandiegodata.org/Projects/Downtown Partnership Homeless/Annotations/complete/count/gaslamp-homeless-2017.json,2017,10,2017-10-25,gaslamp,gaslamp,56.0,66.0,clear
http://ds.civicknowledge.org/downtownsandiego.org/homeless-count/gaslamp/201711-008.png,F1I7ceAzxBKOXQpxKMkgS+jPcVjUfdVarr97ag==,/Users/eric/Google Sync/sandiegodata.org/Projects/Downtown Partnership Homeless/Annotations/complete/count/gaslamp-homeless-2017.json,2017,11,2017-11-29,gaslamp,gaslamp,41.0,59.0,clear
http://ds.civicknowledge.org/downtownsandiego.org/homeless-count/gaslamp/201712-008.png,LbzvY5jvVADekHC6RZ6l8LdGla1tWs9x1sII9A==,/Users/eric/Google Sync/sandiegodata.org/Projects/Downtown Partnership Homeless/Annotations/complete/count/gaslamp-homeless-2017.json,2017,12,2017-12-27,gaslamp,gaslamp,55.0,54.0,clear
http://ds.civicknowledge.org/downtownsandiego.org/homeless-count/marina/201501-005.png,tUOPXrynz/VuOwoK7vXyZAXPPKHMup807UO5+A==,/Users/eric/Google Sync/sandiegodata.org/Projects/Downtown Partnership Homeless/Annotations/complete/count/marina-homeless-2015.json,2015,1,2015-01-01,marina,marina,22.0,,clear
http://ds.civicknowledge.org/downtownsandiego.org/homeless-count/marina/201502-004.png,3eFL1KR5MDUW0kHNx/FLakgA3GamrwfVZxn2aw==,/Users/eric/Google Sync/sandiegodata.org/Projects/Downtown Partnership Homeless/Annotations/complete/count/marina-homeless-2015.json,2015,2,2015-02-26,marina,marina,20.0,,clear
http://ds.civicknowledge.org/downtownsandiego.org/homeless-count/marina/201503-004.png,Sj13BM7v5hAtR+2psDr7XKkc0PZHUpvJH1dXuA==,/Users/eric/Google Sync/sandiegodata.org/Projects/Downtown Partnership Homeless/Annotations/complete/count/marina-homeless-2015.json,2015,3,2015-03-26,marina,marina,15.0,,clear
http://ds.civicknowledge.org/downtownsandiego.org/homeless-count/marina/201504-004.png,1FIld9SiB6IQBwJAEQGrQvkzRpSyXbljTvnsdA==,/Users/eric/Google Sync/sandiegodata.org/Projects/Downtown Partnership Homeless/Annotations/complete/count/marina-homeless-2015.json,2015,4,2015-04-01,marina,marina,16.0,,clear
http://ds.civicknowledge.org/downtownsandiego.org/homeless-count/marina/201505-004.png,QhSll1QW/keKl6izpsGq+f0NWqcBDBFDA1R7kw==,/Users/eric/Google Sync/sandiegodata.org/Projects/Downtown Partnership Homeless/Annotations/complete/count/marina-homeless-2015.json,2015,5,2015-05-01,marina,marina,15.0,,clear
http://ds.civicknowledge.org/downtownsandiego.org/homeless-count/marina/201507-005.png,baFEq8c1W0H8ijCQYK8540jpScFJsRiNnE8WSg==,/Users/eric/Google Sync/sandiegodata.org/Projects/Downtown Partnership Homeless/Annotations/complete/count/marina-homeless-2015.json,2015,7,2015-07-01,marina,marina,29.0,,clear
http://ds.civicknowledge.org/downtownsandiego.org/homeless-count/marina/201508-004.png,YbLIjysJBBaD2jOpTA240+SY0+iIcabaHPnBdw==,/Users/eric/Google Sync/sandiegodata.org/Projects/Downtown Partnership Homeless/Annotations/complete/count/marina-homeless-2015.json,2015,8,2015-08-27,marina,marina,31.0,,clear
http://ds.civicknowledge.org/downtownsandiego.org/homeless-count/marina/201509-005.png,48rdgdvSdyytwMip9bhHRPYlJeJfce0PpsZ0Sg==,/Users/eric/Google Sync/sandiegodata.org/Projects/Downtown Partnership Homeless/Annotations/complete/count/marina-homeless-2015.json,2015,9,2015-09-25,marina,marina,26.0,,clear
http://ds.civicknowledge.org/downtownsandiego.org/homeless-count/marina/201510-004.png,OSDi9/hvy7Hws6Fy60Kba9IrFReIYrzoZ6ao9w==,/Users/eric/Google Sync/sandiegodata.org/Projects/Downtown Partnership Homeless/Annotations/complete/count/marina-homeless-2015.json,2015,10,2015-10-01,marina,marina,16.0,,
http://ds.civicknowledge.org/downtownsandiego.org/homeless-count/marina/201511-004.png,o4b50Nq22bAMRy1VVYO6Myq41lJgmZsIuIaiZg==,/Users/eric/Google Sync/sandiegodata.org/Projects/Downtown Partnership Homeless/Annotations/complete/count/marina-homeless-2015.json,2015,11,2015-11-25,marina,marina,25.0,,rain
http://ds.civicknowledge.org/downtownsandiego.org/homeless-count/marina/201512-003.png,1gLSvXFcRqyX35sh41fBlO/6UXVYG1sTwtq1mA==,/Users/eric/Google Sync/sandiegodata.org/Projects/Downtown Partnership Homeless/Annotations/complete/count/marina-homeless-2015.json,2015,12,2015-12-01,marina,marina,23.0,,rain
http://ds.civicknowledge.org/downtownsandiego.org/homeless-count/cortez/201601-004.png,g/cW4AxZiFRffxeTi4T86ISgg1BB8vxW2fZLRw==,/Users/eric/Google Sync/sandiegodata.org/Projects/Downtown Partnership Homeless/Annotations/complete/count/cortez-homeless-2016.json,2016,1,2016-01-29,cortez,cortez,32.0,,
http://ds.civicknowledge.org/downtownsandiego.org/homeless-count/cortez/201602-004.png,vSc5s2bjr+YAsGIs9/moUzI+yqNwGMiQkZyqvg==,/Users/eric/Google Sync/sandiegodata.org/Projects/Downtown Partnership Homeless/Annotations/complete/count/cortez-homeless-2016.json,2016,2,2016-02-25,cortez,cortez,47.0,,clear
http://ds.civicknowledge.org/downtownsandiego.org/homeless-count/cortez/201603-004.png,XYZfYyI5YxfTavfGT4zHwFniS5wboApIHbee+w==,/Users/eric/Google Sync/sandiegodata.org/Projects/Downtown Partnership Homeless/Annotations/complete/count/cortez-homeless-2016.json,2016,3,2016-03-31,cortez,cortez,44.0,,
http://ds.civicknowledge.org/downtownsandiego.org/homeless-count/cortez/201604-004.png,nmmYG7jTdWHy3nbx0H4gQWKBdcIte3o0WodoHQ==,/Users/eric/Google Sync/sandiegodata.org/Projects/Downtown Partnership Homeless/Annotations/complete/count/cortez-homeless-2016.json,2016,4,2016-04-30,cortez,cortez,30.0,,
http://ds.civicknowledge.org/downtownsandiego.org/homeless-count/cortez/201605-004.png,JX8stBlxSoE0TP+nTDSWeOw5sz6xSqBGtc1q1w==,/Users/eric/Google Sync/sandiegodata.org/Projects/Downtown Partnership Homeless/Annotations/complete/count/cortez-homeless-2016.json,2016,5,2016-05-31,cortez,cortez,66.0,,
http://ds.civicknowledge.org/downtownsandiego.org/homeless-count/cortez/201606-004.png,HjakmeojPeAJ/q0f4vVlWhkNifb/Oirxl7m3fg==,/Users/eric/Google Sync/sandiegodata.org/Projects/Downtown Partnership Homeless/Annotations/complete/count/cortez-homeless-2016.json,2016,6,2016-06-30,cortez,cortez,57.0,,
http://ds.civicknowledge.org/downtownsandiego.org/homeless-count/cortez/201607-004.png,nvGQyVxocCGBvYakiu3Ch4dHh8YPRiiwbxbAlg==,/Users/eric/Google Sync/sandiegodata.org/Projects/Downtown Partnership Homeless/Annotations/complete/count/cortez-homeless-2016.json,2016,7,2016-07-28,cortez,cortez,57.0,,
http://ds.civicknowledge.org/downtownsandiego.org/homeless-count/cortez/201608-004.png,cJkbH73K1Pr8hDHeSq9hjSWLlG+upKFbpuoSPA==,/Users/eric/Google Sync/sandiegodata.org/Projects/Downtown Partnership Homeless/Annotations/complete/count/cortez-homeless-2016.json,2016,8,2016-08-31,cortez,cortez,86.0,,
http://ds.civicknowledge.org/downtownsandiego.org/homeless-count/cortez/201609-004.png,n+QUFmnoWSusVlr/+x+RSWrWm9/S+xXjjOZd4Q==,/Users/eric/Google Sync/sandiegodata.org/Projects/Downtown Partnership Homeless/Annotations/complete/count/cortez-homeless-2016.json,2016,9,2016-09-30,cortez,cortez,86.0,,
http://ds.civicknowledge.org/downtownsandiego.org/homeless-count/cortez/201610-004.png,Payn0OpMQUian+2x5mtPyWi9PHHkR3CA2cv7bA==,/Users/eric/Google Sync/sandiegodata.org/Projects/Downtown Partnership Homeless/Annotations/complete/count/cortez-homeless-2016.json,2016,10,2016-10-26,cortez,cortez,65.0,,
http://ds.civicknowledge.org/downtownsandiego.org/homeless-count/cortez/201611-004.png,ld0dEl386RChg4efe1ioBlaEgkOqh50o+Dc/Zw==,/Users/eric/Google Sync/sandiegodata.org/Projects/Downtown Partnership Homeless/Annotations/complete/count/cortez-homeless-2016.json,2016,11,2016-11-23,cortez,cortez,72.0,50.0,
http://ds.civicknowledge.org/downtownsandiego.org/homeless-count/cortez/201612-004.png,gL3yDnjOGeKZoDyNX6wVINH+4joDB34aqgAuKA==,/Users/eric/Google Sync/sandiegodata.org/Projects/Downtown Partnership Homeless/Annotations/complete/count/cortez-homeless-2016.json,2016,12,2016-12-29,cortez,cortez,60.0,48.0,
http://ds.civicknowledge.org/downtownsandiego.org/homeless-count/core/201701-001.png,X1ssbuMBn6Um2a3GsM+e9OaKDrETJ5E/O9F/qg==,/Users/eric/Google Sync/sandiegodata.org/Projects/Downtown Partnership Homeless/Annotations/complete/count/core-homeless-2017.json,2017,1,2017-01-26,core,core,117.0,42.0,
http://ds.civicknowledge.org/downtownsandiego.org/homeless-count/core/201702-001.png,EWKWIY7GFyjV61MaT0a4TU1qwPpRuJNvSI3X/w==,/Users/eric/Google Sync/sandiegodata.org/Projects/Downtown Partnership Homeless/Annotations/complete/count/core-homeless-2017.json,2017,2,2017-02-23,core,core,168.0,55.0,
http://ds.civicknowledge.org/downtownsandiego.org/homeless-count/core/201703-001.png,f978gBJaV4CBKLJLEV1CRNWcLxAlzguGLRqEqQ==,/Users/eric/Google Sync/sandiegodata.org/Projects/Downtown Partnership Homeless/Annotations/complete/count/core-homeless-2017.json,2017,3,2017-03-30,core,core,169.0,58.0,
http://ds.civicknowledge.org/downtownsandiego.org/homeless-count/core/201704-002.png,yV2//rnEEVXP7Em80LWc7PQSK5rZwGKHxmDNTA==,/Users/eric/Google Sync/sandiegodata.org/Projects/Downtown Partnership Homeless/Annotations/complete/count/core-homeless-2017.json,2017,4,2017-04-26,core,core,116.0,64.0,clear
http://ds.civicknowledge.org/downtownsandiego.org/homeless-count/core/201705-002.png,2d3S6XhdqMOqUa54H5mGs11LpR7ZG/b51h7Z0Q==,/Users/eric/Google Sync/sandiegodata.org/Projects/Downtown Partnership Homeless/Annotations/complete/count/core-homeless-2017.json,2017,5,2017-05-25,core,core,140.0,59.0,clear
http://ds.civicknowledge.org/downtownsandiego.org/homeless-count/core/201706-002.png,/ofARrC221yXg1qQH6sS5QVnOacIAfevRovLgg==,/Users/eric/Google Sync/sandiegodata.org/Projects/Downtown Partnership Homeless/Annotations/complete/count/core-homeless-2017.json,2017,6,2017-06-29,core,core,167.0,62.0,clear
http://ds.civicknowledge.org/downtownsandiego.org/homeless-count/core/201707-002.png,Ip9aGEtU3adeSmGE5/3Lk2qxnga0e7hFTSBzaQ==,/Users/eric/Google Sync/sandiegodata.org/Projects/Downtown Partnership Homeless/Annotations/complete/count/core-homeless-2017.json,2017,7,2017-07-27,core,core,149.0,67.0,clear
http://ds.civicknowledge.org/downtownsandiego.org/homeless-count/core/201708-002.png,e5Qg4IuWuUvDKU9WvV5ZcbPPtrrx9E5eA23nOg==,/Users/eric/Google Sync/sandiegodata.org/Projects/Downtown Partnership Homeless/Annotations/complete/count/core-homeless-2017.json,2017,8,2017-08-31,core,core,158.0,,
http://ds.civicknowledge.org/downtownsandiego.org/homeless-count/core/201709-004.png,AYTwuTJ0EJmOpWgc8pQpDKLGso3t1jlE05Qp2A==,/Users/eric/Google Sync/sandiegodata.org/Projects/Downtown Partnership Homeless/Annotations/complete/count/core-homeless-2017.json,2017,9,2017-09-27,core,core,184.0,66.0,clear
http://ds.civicknowledge.org/downtownsandiego.org/homeless-count/core/201710-004.png,pRb4nuKSGGv58EONlHnhBgHWVG3SFRTaX87bHQ==,/Users/eric/Google Sync/sandiegodata.org/Projects/Downtown Partnership Homeless/Annotations/complete/count/core-homeless-2017.json,2017,10,2017-10-25,core,core,172.0,66.0,clear
http://ds.civicknowledge.org/downtownsandiego.org/homeless-count/core/201711-004.png,4GgDcx8FvfwCjsl0b0tP26jZrEgAzwNw2FtENw==,/Users/eric/Google Sync/sandiegodata.org/Projects/Downtown Partnership Homeless/Annotations/complete/count/core-homeless-2017.json,2017,11,2017-11-29,core,core,150.0,59.0,clear
http://ds.civicknowledge.org/downtownsandiego.org/homeless-count/core/201712-004.png,3rGfLwDm78hTV2wwvTsKV/4aoPTR9r6EQqo0JA==,/Users/eric/Google Sync/sandiegodata.org/Projects/Downtown Partnership Homeless/Annotations/complete/count/core-homeless-2017.json,2017,12,2017-12-27,core,core,142.0,54.0,clear
http://ds.civicknowledge.org/downtownsandiego.org/homeless-count/columbia/201801-004.png,L+ZgpwI2G/SWp91qtaRxNvA/Wa0sX8D0+o4HFw==,/Users/eric/Google Sync/sandiegodata.org/Projects/Downtown Partnership Homeless/Annotations/complete/count/columbia-homeless-2018.json,2018,1,2018-01-24,columbia,columbia,42.0,52.0,clear
http://ds.civicknowledge.org/downtownsandiego.org/homeless-count/columbia/201802-004.png,/NrxIXLEWEzyxX1TTVGrbpqbhn7IxtpPRzAm0g==,/Users/eric/Google Sync/sandiegodata.org/Projects/Downtown Partnership Homeless/Annotations/complete/count/columbia-homeless-2018.json,2018,2,2018-02-21,columbia,columbia,46.0,52.0,
http://ds.civicknowledge.org/downtownsandiego.org/homeless-count/columbia/201803-004.png,x3izynZe91tGeTJitO8S3IPM8VXHXzQLE4MnyQ==,/Users/eric/Google Sync/sandiegodata.org/Projects/Downtown Partnership Homeless/Annotations/complete/count/columbia-homeless-2018.json,2018,3,2018-03-28,columbia,columbia,58.0,59.0,
http://ds.civicknowledge.org/downtownsandiego.org/homeless-count/columbia/201804-004.png,pA5WiUHjKAmU4NbxskNHZnj0RCI6CagPDoc16w==,/Users/eric/Google Sync/sandiegodata.org/Projects/Downtown Partnership Homeless/Annotations/complete/count/columbia-homeless-2018.json,2018,4,2018-04-25,columbia,columbia,42.0,,clear
http://ds.civicknowledge.org/downtownsandiego.org/homeless-count/columbia/201805-004.png,DIy+6BUE1PvOS2HxCOCSS/T/DcSpN7+5aCAQDg==,/Users/eric/Google Sync/sandiegodata.org/Projects/Downtown Partnership Homeless/Annotations/complete/count/columbia-homeless-2018.json,2018,5,2018-05-31,columbia,columbia,41.0,60.0,clear
http://ds.civicknowledge.org/downtownsandiego.org/homeless-count/columbia/201806-004.png,XWh9j/Wyc1noUeWu5F4aKWdvIE/PT0IEONbx5g==,/Users/eric/Google Sync/sandiegodata.org/Projects/Downtown Partnership Homeless/Annotations/complete/count/columbia-homeless-2018.json,2018,6,2018-06-28,columbia,columbia,50.0,62.0,clear
http://ds.civicknowledge.org/downtownsandiego.org/homeless-count/east_villiage_south/201704-001.png,ebMxROzzPTcwyh9gHsAlGuitVWwODt/4jCfvyw==,/Users/eric/Google Sync/sandiegodata.org/Projects/Downtown Partnership Homeless/Annotations/complete/count/east_villiage_south-homeless-2017.json,2017,4,2017-04-26,east_village_south,east_villiage_south,386.0,64.0,clear
http://ds.civicknowledge.org/downtownsandiego.org/homeless-count/east_villiage_south/201705-001.png,ZKmtdB/yQWV20DxETQs6aOdl67ai/jAQHAF/og==,/Users/eric/Google Sync/sandiegodata.org/Projects/Downtown Partnership Homeless/Annotations/complete/count/east_villiage_south-homeless-2017.json,2017,5,2017-05-25,east_village_south,east_villiage_south,,59.0,clear
http://ds.civicknowledge.org/downtownsandiego.org/homeless-count/east_villiage_south/201706-001.png,Rnj+d2CDquHFwRdKdje2xzdTkJQeWVMX08DIsg==,/Users/eric/Google Sync/sandiegodata.org/Projects/Downtown Partnership Homeless/Annotations/complete/count/east_villiage_south-homeless-2017.json,2017,6,2017-06-29,east_village_south,east_villiage_south,,62.0,clear
http://ds.civicknowledge.org/downtownsandiego.org/homeless-count/east_villiage_south/201707-001.png,ScQUTlL5qRV4ECzusw2DBBkL1QXfsx4kyML5OQ==,/Users/eric/Google Sync/sandiegodata.org/Projects/Downtown Partnership Homeless/Annotations/complete/count/east_villiage_south-homeless-2017.json,2017,7,2017-07-27,east_village_south,east_villiage_south,,67.0,clear
http://ds.civicknowledge.org/downtownsandiego.org/homeless-count/east_villiage_south/201708-001.png,jrd6/7QDX1zqRuTUcFUtljLbnom93R4nL0e1xQ==,/Users/eric/Google Sync/sandiegodata.org/Projects/Downtown Partnership Homeless/Annotations/complete/count/east_villiage_south-homeless-2017.json,2017,8,2017-08-31,east_village_south,east_villiage_south,,,
http://ds.civicknowledge.org/downtownsandiego.org/homeless-count/east_villiage_south/201709-003.png,CoH9QWfmuzb8PC9dbhZCOy4ZBg52djqxLbB0sQ==,/Users/eric/Google Sync/sandiegodata.org/Projects/Downtown Partnership Homeless/Annotations/complete/count/east_villiage_south-homeless-2017.json,2017,9,2017-09-27,east_village_south,east_villiage_south,,66.0,clear
http://ds.civicknowledge.org/downtownsandiego.org/homeless-count/east_villiage_south/201710-003.png,cbOnMlpy0AeNKPfHp8uYlWks8Nz6XpHt54w8Fg==,/Users/eric/Google Sync/sandiegodata.org/Projects/Downtown Partnership Homeless/Annotations/complete/count/east_villiage_south-homeless-2017.json,2017,10,2017-10-23,east_village_south,east_villiage_south,,66.0,clear
http://ds.civicknowledge.org/downtownsandiego.org/homeless-count/east_villiage_south/201711-003.png,VmoOXJ+baMmidRHK19vmmtzC43cXJdCDbeAYsQ==,/Users/eric/Google Sync/sandiegodata.org/Projects/Downtown Partnership Homeless/Annotations/complete/count/east_villiage_south-homeless-2017.json,2017,11,2017-11-29,east_village_south,east_villiage_south,,59.0,clear
http://ds.civicknowledge.org/downtownsandiego.org/homeless-count/east_villiage_south/201712-003.png,HiP5+BLkEy5AcmP1ezhkHvTMIh9zVFjy/CDKwQ==,/Users/eric/Google Sync/sandiegodata.org/Projects/Downtown Partnership Homeless/Annotations/complete/count/east_villiage_south-homeless-2017.json,2017,12,2017-12-27,east_village_south,east_villiage_south,,54.0,clear
