ObjectID,Date of Data Collection,Neighborhood,Map Number,Homeless Classification,How many?,Rain?,Temperature?,x,y
1,1/1/2014 8:00,Gaslamp,1,individual_sleeper,1,na,,-117.1609949,32.71553867
2,1/1/2014 8:00,Gaslamp,1,individual_sleeper,1,na,,-117.160232,32.71514385
3,1/1/2014 8:00,Gaslamp,1,individual_sleeper,1,na,,-117.15933,32.71561482
611,1/1/2014 8:00,Gaslamp,1,individual_sleeper,1,na,,-117.1602265,32.71319891
645,1/1/2014 8:00,Gaslamp,1,individual_sleeper,1,na,,-117.1609461,32.71246354
687,1/1/2014 8:00,Gaslamp,1,individual_sleeper,1,na,,-117.16084,32.7116
736,1/1/2014 8:00,Gaslamp,1,individual_sleeper,1,na,,-117.16093,32.71052
796,1/1/2014 8:00,Gaslamp,1,individual_sleeper,1,na,,-117.1593159,32.71275
829,1/1/2014 8:00,Gaslamp,1,individual_sleeper,1,na,,-117.1593239,32.71173226
857,1/1/2014 8:00,Gaslamp,1,individual_sleeper,2,na,,-117.1593266,32.71167451
872,1/1/2014 8:00,Gaslamp,1,individual_sleeper,2,na,,-117.1600288,32.71020903
875,1/1/2014 8:00,Gaslamp,1,individual_sleeper,1,na,,-117.1596059,32.7094342
972,1/1/2014 8:00,gaslamp,1,individual_sleeper,2,na,,-117.1592666,32.70788
976,1/1/2014 8:00,Gaslamp,1,individual_sleeper,1,na,,-117.16002,32.7082251
620,1/1/2015 8:00,Gaslamp,13,individual_sleeper,1,no,,-117.16095,32.71524
652,1/1/2015 8:00,Gaslamp,13,individual_sleeper,2,no,,-117.15955,32.71561
662,1/1/2015 8:00,Gaslamp,13,individual_sleeper,1,no,,-117.1600488,32.71546969
669,1/1/2015 8:00,Gaslamp,13,individual_sleeper,1,no,,-117.1593635,32.71508339
691,1/1/2015 8:00,Gaslamp,13,individual_sleeper,1,no,,-117.1609573,32.71271323
704,1/1/2015 8:00,Gaslamp,13,individual_sleeper,1,no,,-117.1598,32.71352
709,1/1/2015 8:00,Gaslamp,13,individual_sleeper,1,no,,-117.1593455,32.71305195
718,1/1/2015 8:00,Gaslamp,13,individual_sleeper,2,no,,-117.1602448,32.71193226
735,1/1/2015 8:00,Gaslamp,13,individual_sleeper,2,no,,-117.1602334,32.71054949
747,1/1/2015 8:00,Gaslamp,13,individual_sleeper,1,no,,-117.1605573,32.71051693
757,1/1/2015 8:00,Gaslamp,13,individual_sleeper,1,no,,-117.15933,32.71137
766,1/1/2015 8:00,Gaslamp,13,individual_sleeper,1,no,,-117.15981,32.71033
773,1/1/2015 8:00,Gaslamp,13,individual_sleeper,1,no,,-117.1593302,32.71032545
779,1/1/2015 8:00,Gaslamp,13,individual_sleeper,1,no,,-117.1600412,32.70724627
783,1/1/2015 8:00,Gaslamp,13,individual_sleeper,2,no,,-117.1599543,32.7071942
434,1/24/2018 8:00,Gaslamp,50,individual_sleeper,1,no,,-117.16035,32.7156
468,1/24/2018 8:00,Gaslamp,50,individual_sleeper,2,no,52,-117.16034,32.71472
476,1/24/2018 8:00,Gaslamp,50,individual_sleeper,2,no,52,-117.16007,32.7148
602,1/24/2018 8:00,Gaslamp,50,individual_sleeper,2,no,52,-117.16062,32.71456
626,1/24/2018 8:00,Gaslamp,50,individual_sleeper,2,no,52,-117.16096,32.71409
644,1/24/2018 8:00,Gaslamp,50,individual_sleeper,1,no,52,-117.16005,32.71377
679,1/24/2018 8:00,Gaslamp,50,individual_sleeper,1,no,52,-117.15942,32.71455
693,1/24/2018 8:00,Gaslamp,50,individual_sleeper,1,no,52,-117.16096,32.71268113
707,1/24/2018 8:00,Gaslamp,50,individual_sleeper,1,no,52,-117.16006,32.71334
711,1/24/2018 8:00,Gaslamp,50,individual_sleeper,1,no,52,-117.16004,32.71274
722,1/24/2018 8:00,Gaslamp,50,individual_sleeper,5,no,52,-117.15952,32.71263
732,1/24/2018 8:00,Gaslamp,50,individual_sleeper,1,no,52,-117.15932,32.71302
740,1/24/2018 8:00,Gaslamp,50,individual_sleeper,1,no,52,-117.15969,32.71246805
752,1/24/2018 8:00,Gaslamp,50,individual_sleeper,1,no,52,-117.160038,32.71198097
760,1/24/2018 8:00,Gaslamp,50,individual_sleeper,1,no,52,-117.16023,32.71203
765,1/24/2018 8:00,Gaslamp,50,individual_sleeper,2,no,52,-117.1602207,32.71096226
775,1/24/2018 8:00,Gaslamp,50,individual_sleeper,4,no,52,-117.1600293,32.71090774
782,1/24/2018 8:00,Gaslamp,50,individual_sleeper,3,no,52,-117.1609205,32.70971323
793,1/24/2018 8:00,Gaslamp,50,individual_sleeper,1,no,52,-117.1600159,32.7097058
804,1/24/2018 8:00,Gaslamp,50,individual_sleeper,2,no,52,-117.1593,32.70886
808,1/24/2018 8:00,Gaslamp,50,individual_sleeper,1,no,52,-117.15938,32.70822
814,1/24/2018 8:00,Gaslamp,50,individual_sleeper,2,no,52,-117.16001,32.70787
822,1/24/2018 8:00,Gaslamp,50,individual_sleeper,1,no,52,-117.160232,32.70743226
824,1/24/2018 8:00,Gaslamp,50,individual_sleeper,2,no,52,-117.1593827,32.70719774
827,1/24/2018 8:00,Gaslamp,50,individual_sleeper,3,no,52,-117.15929,32.70688
30,1/26/2017 8:00,Gaslamp,33,individual_sleeper,1,na,42,-117.16099,32.71541
47,1/26/2017 8:00,Gaslamp,33,individual_sleeper,2,na,42,-117.16098,32.71495
62,1/26/2017 8:00,Gaslamp,33,individual_sleeper,1,na,42,-117.1604346,32.71459965
110,1/26/2017 8:00,Gaslamp,33,individual_sleeper,4,na,42,-117.1600968,32.714127
130,1/26/2017 8:00,Gaslamp,33,individual_sleeper,2,na,42,-117.1609915,32.71297284
152,1/26/2017 8:00,Gaslamp,33,individual_sleeper,1,na,42,-117.16022,32.71298
226,1/26/2017 8:00,Gaslamp,33,individual_sleeper,3,na,42,-117.16007,32.71338
246,1/26/2017 8:00,Gaslamp,33,individual_sleeper,2,na,42,-117.1595427,32.71351451
263,1/26/2017 8:00,Gaslamp,33,individual_sleeper,1,na,42,-117.16006,32.71271
287,1/26/2017 8:00,Gaslamp,33,individual_sleeper,6,na,42,-117.15949,32.71262
310,1/26/2017 8:00,Gaslamp,33,individual_sleeper,1,na,42,-117.15973,32.71157
326,1/26/2017 8:00,Gaslamp,33,individual_sleeper,2,na,42,-117.1605405,32.71141062
346,1/26/2017 8:00,Gaslamp,33,individual_sleeper,1,na,42,-117.1602091,32.71055673
369,1/26/2017 8:00,Gaslamp,33,individual_sleeper,1,na,42,-117.1600661,32.71141825
386,1/26/2017 8:00,Gaslamp,33,individual_sleeper,1,na,42,-117.1600407,32.71073736
402,1/26/2017 8:00,Gaslamp,33,individual_sleeper,1,na,42,-117.1595485,32.71144416
637,1/26/2017 8:00,Gaslamp,33,individual_sleeper,1,na,42,-117.16002,32.70776
665,1/26/2017 8:00,Gaslamp,33,individual_sleeper,1,na,42,-117.16002,32.70877
677,1/26/2017 8:00,Gaslamp,33,individual_sleeper,2,na,42,-117.15926,32.70883
721,1/26/2017 8:00,Gaslamp,33,individual_sleeper,8,na,42,-117.1592793,32.70706965
6,1/29/2016 8:00,Gaslamp,29,individual_sleeper,1,na,,-117.1609631,32.71417
9,1/29/2016 8:00,Gaslamp,29,individual_sleeper,1,na,,-117.1600539,32.71408451
12,1/29/2016 8:00,Gaslamp,29,individual_sleeper,2,na,,-117.1593427,32.71310241
15,1/29/2016 8:00,Gaslamp,29,individual_sleeper,1,na,,-117.1609361,32.71203288
18,1/29/2016 8:00,Gaslamp,29,individual_sleeper,7,na,,-117.1600329,32.71196615
21,1/29/2016 8:00,Gaslamp,29,individual_sleeper,1,na,,-117.159345,32.71204062
25,1/29/2016 8:00,Gaslamp,29,individual_sleeper,1,na,,-117.1611441,32.71088
28,1/29/2016 8:00,Gaslamp,29,individual_sleeper,1,na,,-117.1603157,32.70947906
44,1/29/2016 8:00,Gaslamp,29,individual_sleeper,2,na,,-117.1608872,32.70795451
54,1/29/2016 8:00,Gaslamp,29,individual_sleeper,1,na,,-117.1593077,32.70780385
58,1/29/2016 8:00,Gaslamp,29,individual_sleeper,4,na,,-117.1596407,32.70698508
65,1/29/2016 8:00,Gaslamp,29,individual_sleeper,2,na,,-117.1592924,32.70678432
423,10/1/2014 7:00,Gaslamp,10,individual_sleeper,1,na,,-117.1608987,32.71559047
457,10/1/2014 7:00,Gaslamp,10,individual_sleeper,1,na,,-117.1594624,32.71561144
470,10/1/2014 7:00,Gaslamp,10,individual_sleeper,1,na,,-117.1600576,32.71452354
725,10/1/2014 7:00,Gaslamp,10,individual_sleeper,2,no,,-117.16023,32.71106
739,10/1/2014 7:00,Gaslamp,10,individual_sleeper,1,na,,-117.1609332,32.71078308
907,10/1/2014 7:00,Gaslamp,10,individual_sleeper,1,na,,-117.1593354,32.70945564
911,10/1/2014 7:00,Gaslamp,10,individual_sleeper,2,na,,-117.15994,32.7072
914,10/1/2014 7:00,Gaslamp,10,individual_sleeper,1,na,,-117.1594406,32.70719545
918,10/1/2014 7:00,Gaslamp,10,individual_sleeper,2,na,,-117.1593066,32.70689368
1021,10/1/2014 7:00,Gaslamp,10,individual_sleeper,1,na,,-117.15932,32.71306
1022,10/1/2014 7:00,Gaslamp,10,individual_sleeper,1,na,,-117.15933,32.71221
1023,10/1/2014 7:00,Gaslamp,10,individual_sleeper,1,na,,-117.15933,32.71169
1024,10/1/2014 7:00,Gaslamp,10,individual_sleeper,1,na,,-117.16062,32.71049
557,10/1/2015 7:00,Gaslamp,21,individual_sleeper,1,yes,,-117.16092,32.71552
566,10/1/2015 7:00,Gaslamp,21,individual_sleeper,1,yes,,-117.16031,32.71508
578,10/1/2015 7:00,Gaslamp,21,individual_sleeper,1,yes,,-117.16042,32.71477
583,10/1/2015 7:00,Gaslamp,21,individual_sleeper,1,yes,,-117.16033,32.71268
591,10/1/2015 7:00,Gaslamp,21,individual_sleeper,3,yes,,-117.16029,32.71128
594,10/1/2015 7:00,Gaslamp,21,individual_sleeper,1,yes,,-117.16027,32.71072
601,10/1/2015 7:00,Gaslamp,21,individual_sleeper,1,yes,,-117.16086,32.71027
619,10/1/2015 7:00,Gaslamp,21,individual_sleeper,1,yes,,-117.16086,32.70894
642,10/1/2015 7:00,Gaslamp,21,individual_sleeper,2,yes,,-117.15998,32.7153
649,10/1/2015 7:00,Gaslamp,21,individual_sleeper,2,yes,,-117.15998,32.71494
658,10/1/2015 7:00,Gaslamp,21,individual_sleeper,2,yes,,-117.16005,32.71439
676,10/1/2015 7:00,Gaslamp,21,individual_sleeper,2,yes,,-117.15999,32.7139
684,10/1/2015 7:00,Gaslamp,21,individual_sleeper,2,yes,,-117.15934,32.71406
696,10/1/2015 7:00,Gaslamp,21,individual_sleeper,1,yes,,-117.15997,32.71293
702,10/1/2015 7:00,Gaslamp,21,individual_sleeper,1,yes,,-117.15938,32.71271
712,10/1/2015 7:00,Gaslamp,21,individual_sleeper,1,yes,,-117.15967,32.71243
720,10/1/2015 7:00,Gaslamp,21,individual_sleeper,1,yes,,-117.15995,32.7119
727,10/1/2015 7:00,Gaslamp,21,individual_sleeper,1,yes,,-117.15995,32.71084
733,10/1/2015 7:00,Gaslamp,21,individual_sleeper,1,yes,,-117.15937,32.71097
749,10/1/2015 7:00,Gaslamp,21,individual_sleeper,1,yes,,-117.15945,32.71033
755,10/1/2015 7:00,Gaslamp,21,individual_sleeper,2,yes,,-117.15992,32.70837
769,10/1/2015 7:00,Gaslamp,21,individual_sleeper,2,yes,,-117.1598,32.70818
789,10/1/2015 7:00,Gaslamp,21,individual_sleeper,2,yes,,-117.16,32.7079
795,10/1/2015 7:00,Gaslamp,21,individual_sleeper,3,yes,,-117.15945,32.70739
800,10/1/2015 7:00,Gaslamp,21,individual_sleeper,4,yes,,-117.15983,32.7072
806,10/1/2015 7:00,Gaslamp,21,individual_sleeper,3,yes,,-117.15942,32.7072
812,10/1/2015 7:00,Gaslamp,21,individual_sleeper,6,yes,,-117.15934,32.70697
817,10/1/2015 7:00,Gaslamp,21,individual_sleeper,3,yes,,-117.15951,32.70695
821,10/1/2015 7:00,Gaslamp,21,individual_sleeper,1,yes,,-117.15984,32.70712
72,10/23/2016 7:00,Gaslamp,35,individual_sleeper,2,na,50,-117.1610314,32.71525033
93,10/23/2016 7:00,Gaslamp,35,individual_sleeper,1,na,50,-117.1610192,32.71412232
193,10/23/2016 7:00,Gaslamp,35,individual_sleeper,2,na,50,-117.1601156,32.71412385
237,10/23/2016 7:00,Gaslamp,35,individual_sleeper,2,na,50,-117.1595559,32.71462626
341,10/23/2016 7:00,Gaslamp,35,individual_sleeper,1,na,50,-117.15927,32.71388
374,10/23/2016 7:00,Gaslamp,35,individual_sleeper,1,na,50,-117.1610219,32.71308524
809,10/23/2016 7:00,Gaslamp,35,individual_sleeper,2,na,50,-117.1610151,32.71142899
813,10/23/2016 7:00,Gaslamp,35,individual_sleeper,2,na,50,-117.160528,32.71145027
819,10/23/2016 7:00,Gaslamp,35,individual_sleeper,1,na,50,-117.1601676,32.71093354
823,10/23/2016 7:00,Gaslamp,50,individual_sleeper,1,na,50,-117.16086,32.71065
828,10/23/2016 7:00,Gaslamp,35,individual_sleeper,4,na,50,-117.1592831,32.71106125
831,10/23/2016 7:00,Gaslamp,35,individual_sleeper,2,na,50,-117.1596641,32.71047229
835,10/23/2016 7:00,Gaslamp,35,individual_sleeper,1,na,50,-117.1596627,32.71039899
838,10/23/2016 7:00,Gaslamp,35,individual_sleeper,1,na,50,-117.1600771,32.70983195
842,10/23/2016 7:00,Gaslamp,35,individual_sleeper,2,na,50,-117.1601322,32.70878708
845,10/23/2016 7:00,Gaslamp,35,individual_sleeper,1,na,50,-117.1609863,32.71047731
852,10/23/2016 7:00,Gaslamp,35,individual_sleeper,2,na,50,-117.1596393,32.70829545
856,10/23/2016 7:00,Gaslamp,35,individual_sleeper,1,na,50,-117.1600571,32.70788872
864,10/23/2016 7:00,Gaslamp,35,individual_sleeper,1,na,50,-117.1596759,32.70718135
867,10/23/2016 7:00,Gaslamp,35,individual_sleeper,2,na,50,-117.1593349,32.70698222
471,10/25/2017 7:00,Gaslamp ,47,individual_sleeper,6,no,66,-117.16095,32.71515
483,10/25/2017 7:00,Gaslamp ,47,individual_sleeper,2,no,66,-117.1602633,32.71515113
514,10/25/2017 7:00,Gaslamp ,47,individual_sleeper,1,no,66,-117.160044,32.71515
527,10/25/2017 7:00,Gaslamp ,47,individual_sleeper,1,no,66,-117.1609596,32.71412169
531,10/25/2017 7:00,Gaslamp ,47,individual_sleeper,1,no,66,-117.16027,32.71411
538,10/25/2017 7:00,Gaslamp ,47,individual_sleeper,1,no,66,-117.1600541,32.71402845
543,10/25/2017 7:00,Gaslamp ,47,individual_sleeper,2,no,66,-117.16026,32.71308
548,10/25/2017 7:00,Gaslamp ,47,individual_sleeper,5,no,66,-117.1600468,32.71306759
552,10/25/2017 7:00,Gaslamp ,47,individual_sleeper,1,no,66,-117.1597048,32.71352016
556,10/25/2017 7:00,Gaslamp ,47,individual_sleeper,1,no,66,-117.159344,32.71313595
564,10/25/2017 7:00,Gaslamp ,47,individual_sleeper,3,no,66,-117.15969,32.71266241
575,10/25/2017 7:00,Gaslamp ,47,individual_sleeper,1,no,66,-117.160928,32.71203226
580,10/25/2017 7:00,Gaslamp ,47,individual_sleeper,3,no,66,-117.1609268,32.71093564
584,10/25/2017 7:00,Gaslamp ,47,individual_sleeper,3,no,66,-117.16001,32.71087
590,10/25/2017 7:00,Gaslamp ,47,individual_sleeper,4,no,66,-117.1609134,32.7098721
596,10/25/2017 7:00,Gaslamp,47,individual_sleeper,1,no,66,-117.160902,32.70883549
600,10/25/2017 7:00,Gaslamp ,47,individual_sleeper,1,no,66,-117.1593126,32.70845887
608,10/25/2017 7:00,Gaslamp,47,individual_sleeper,2,no,66,-117.1593794,32.70823918
612,10/25/2017 7:00,Gaslamp ,47,individual_sleeper,3,no,66,-117.1599867,32.70785072
623,10/25/2017 7:00,Gaslamp,47,individual_sleeper,2,no,66,-117.1605061,32.70757383
633,10/25/2017 7:00,Gaslamp ,47,individual_sleeper,4,no,66,-117.1597516,32.70707759
643,10/25/2017 7:00,Gaslamp ,47,individual_sleeper,6,no,66,-117.15932,32.7069821
651,10/25/2017 7:00,Gaslamp,47,individual_sleeper,2,no,66,-117.160884,32.7079679
170,10/27/2016 7:00,Gaslamp,36,individual_sleeper,2,na,,-117.16027,32.71513
214,10/27/2016 7:00,Gaslamp,36,individual_sleeper,2,na,,-117.16095,32.71515
276,10/27/2016 7:00,Gaslamp,36,individual_sleeper,2,na,,-117.1609548,32.71412226
312,10/27/2016 7:00,Gaslamp,36,individual_sleeper,4,na,,-117.160272,32.71413887
333,10/27/2016 7:00,Gaslamp,36,individual_sleeper,1,na,,-117.1609274,32.71307113
359,10/27/2016 7:00,Gaslamp,36,individual_sleeper,9,na,,-117.1598227,32.71266282
380,10/27/2016 7:00,Gaslamp ,36,individual_sleeper,2,na,,-117.1609167,32.71201944
401,10/27/2016 7:00,Gaslamp,36,individual_sleeper,1,na,,-117.16092,32.71094
420,10/27/2016 7:00,Gaslamp,36,individual_sleeper,2,na,,-117.160242,32.71094589
431,10/27/2016 7:00,Gaslamp,36,individual_sleeper,8,na,,-117.1600081,32.7109483
460,10/27/2016 7:00,Gaslamp,36,individual_sleeper,1,na,,-117.16003,32.70741
597,11/1/2014 7:00,Gaslmap,11,individual_sleeper,1,na,,-117.1608734,32.71557661
604,11/1/2014 7:00,Gaslamp,11,individual_sleeper,2,na,,-117.1594555,32.71560661
610,11/1/2014 7:00,Gaslamp,11,individual_sleeper,1,na,,-117.1609525,32.71280226
617,11/1/2014 7:00,Gaslamp,11,individual_sleeper,1,na,,-117.1608078,32.71265708
640,11/1/2014 7:00,Gaslamp,11,individual_sleeper,1,na,,-117.1604976,32.71052426
650,11/1/2014 7:00,Gaslamp,11,individual_sleeper,1,na,,-117.1606997,32.7105278
664,11/1/2014 7:00,Gaslamp,11,individual_sleeper,1,na,,-117.1596705,32.70947805
670,11/1/2014 7:00,Gaslamp,11,individual_sleeper,1,na,,-117.1593495,32.71310043
680,11/1/2014 7:00,Lizbeth Castro,11,individual_sleeper,2,na,,-117.1599812,32.70749938
690,11/1/2014 7:00,Gaslamp,11,individual_sleeper,1,na,,-117.1593202,32.70811779
698,11/1/2014 7:00,Gaslamp,11,individual_sleeper,3,na,,-117.1593221,32.70687342
50,11/25/2015 8:00,Gaslamp,22,individual_sleeper,1,yes,,-117.16007,32.71441
85,11/25/2015 8:00,Gaslamp,22,individual_sleeper,1,yes,,-117.16097,32.71442
117,11/25/2015 8:00,Gaslamp,22,individual_sleeper,2,yes,,-117.1593046,32.71292381
136,11/25/2015 8:00,Gaslamp,22,individual_sleeper,2,yes,,-117.15969,32.71157
160,11/25/2015 8:00,Gaslamp,22,individual_sleeper,1,yes,,-117.16095,32.71231
183,11/25/2015 8:00,Gaslamp,22,individual_sleeper,1,yes,,-117.1594844,32.71141611
208,11/25/2015 8:00,Gaslamp,22,individual_sleeper,2,yes,,-117.1595,32.71051
223,11/25/2015 8:00,Gaslamp,22,individual_sleeper,1,yes,,-117.16094,32.70961
252,11/25/2015 8:00,Gaslamp,22,individual_sleeper,1,yes,,-117.16092,32.70849
268,11/25/2015 8:00,Gaslamp,22,individual_sleeper,1,yes,,-117.1598176,32.70825354
288,11/25/2015 8:00,Gaslamp,22,individual_sleeper,2,yes,,-117.1599739,32.70718285
311,11/25/2015 8:00,Gaslamp,22,individual_sleeper,3,yes,,-117.1593154,32.70682354
616,11/29/2017 8:00,Gaslamp,48,individual_sleeper,1,no,59,-117.1604339,32.71560226
630,11/29/2017 8:00,Gaslamp,48,individual_sleeper,5,no,59,-117.1609766,32.71508226
639,11/29/2017 8:00,Gaslamp,48,individual_sleeper,1,no,59,-117.1606015,32.71473031
648,11/29/2017 8:00,Gaslamp,48,individual_sleeper,2,no,59,-117.16053,32.71457
654,11/29/2017 8:00,Gaslamp,48,individual_sleeper,1,no,59,-117.1609739,32.71413876
663,11/29/2017 8:00,Gaslamp,48,individual_sleeper,1,no,59,-117.1603388,32.71369805
668,11/29/2017 8:00,Gaslamp,48,individual_sleeper,3,no,59,-117.1600634,32.71454412
675,11/29/2017 8:00,Gaslamp,48,individual_sleeper,5,no,59,-117.1602407,32.71307199
686,11/29/2017 8:00,Gaslamp,48,individual_sleeper,1,no,59,-117.1606127,32.71265031
695,11/29/2017 8:00,Gaslamp,48,individual_sleeper,1,no,59,-117.1596871,32.71352677
706,11/29/2017 8:00,Gaslamp,48,individual_sleeper,3,no,59,-117.15933,32.71313
710,11/29/2017 8:00,Gaslamp,48,individual_sleeper,3,no,59,-117.1599795,32.71264965
724,11/29/2017 8:00,Gaslamp,48,encampments,1,no,59,-117.1595346,32.71265837
730,11/29/2017 8:00,Gaslamp,48,individual_sleeper,1,no,59,-117.16023,32.71194868
734,11/29/2017 8:00,Gaslamp,48,individual_sleeper,2,no,59,-117.1600398,32.71164389
743,11/29/2017 8:00,Gaslamp,48,individual_sleeper,1,no,59,-117.1611305,32.71093186
750,11/29/2017 8:00,Gaslamp,48,individual_sleeper,1,no,59,-117.1609259,32.70991637
756,11/29/2017 8:00,Gaslamp,48,individual_sleeper,2,no,59,-117.1596432,32.70824451
762,11/29/2017 8:00,Gaslamp,48,individual_sleeper,2,no,59,-117.1604486,32.70817131
770,11/29/2017 8:00,Gaslamp,48,individual_sleeper,2,no,59,-117.1592873,32.70708476
772,11/29/2017 8:00,Gaslamp,48,individual_sleeper,2,no,59,-117.1593848,32.70691962
1018,12/1/2014 8:00,gaslamp,12,individual_sleeper,1,na,,-117.15954,32.71566
1019,12/1/2014 8:00,gaslamp,12,individual_sleeper,1,na,,-117.16009,32.71506
836,12/1/2015 8:00,Gaslamp ,23,individual_sleeper,1,yes,,-117.160969,32.71414455
840,12/1/2015 8:00,Gaslamp ,23,individual_sleeper,1,yes,,-117.1593347,32.71545424
847,12/1/2015 8:00,Gaslamp ,23,individual_sleeper,1,yes,,-117.1600379,32.7156231
851,12/1/2015 8:00,Gaslamp ,23,individual_sleeper,1,yes,,-117.1609383,32.71168257
855,12/1/2015 8:00,Gaslamp ,23,individual_sleeper,1,yes,,-117.1593292,32.71180802
859,12/1/2015 8:00,Gaslamp,23,individual_sleeper,1,yes,,-117.1612249,32.71050007
863,12/1/2015 8:00,Gaslamp,23,individual_sleeper,1,yes,,-117.1612844,32.71049812
871,12/1/2015 8:00,Gaslamp ,23,individual_sleeper,1,yes,,-117.1593151,32.70998311
873,12/1/2015 8:00,Gaslamp ,23,individual_sleeper,1,yes,,-117.1593144,32.70993969
876,12/1/2015 8:00,Gaslamp ,23,individual_sleeper,1,yes,,-117.1592876,32.70682273
877,12/1/2015 8:00,Gaslamp ,23,individual_sleeper,1,yes,,-117.1594357,32.70690526
59,12/14/2016 8:00,Gaslamp,12,individual_sleeper,2,na,,-117.1602071,32.71409163
75,12/14/2016 8:00,Gaslamp,12,individual_sleeper,1,na,,-117.15934,32.71295
90,12/14/2016 8:00,Gaslamp,12,individual_sleeper,1,na,,-117.1601856,32.71226805
103,12/14/2016 8:00,Gaslamp,12,individual_sleeper,1,na,,-117.160059,32.70970125
119,12/14/2016 8:00,Gaslamp,12,individual_sleeper,1,na,,-117.1595488,32.70933062
129,12/14/2016 8:00,Gaslamp,12,individual_sleeper,2,na,,-117.1601878,32.70906035
146,12/14/2016 8:00,Gaslamp,12,individual_sleeper,1,na,,-117.1609483,32.70866035
162,12/14/2016 8:00,Gaslamp,12,individual_sleeper,1,na,,-117.15999,32.7082
187,12/14/2016 8:00,Gaslamp,12,individual_sleeper,1,na,,-117.1600222,32.70780639
206,12/14/2016 8:00,Gaslamp,12,individual_sleeper,3,na,,-117.15929,32.70698
961,12/17/2017 8:00,Gaslamp,49,individual_sleeper,1,no,54,-117.15948,32.71137
537,12/26/2016 8:00,Gaslamp,34,individual_sleeper,1,na,48,-117.1593483,32.70843288
904,12/27/2017 8:00,Gaslamp,49,individual_sleeper,1,no,54,-117.16004,32.71517
905,12/27/2017 8:00,Gaslamp,49,individual_sleeper,2,no,54,-117.1602654,32.71505805
908,12/27/2017 8:00,Gaslamp,49,individual_sleeper,5,no,54,-117.16096,32.71524
910,12/27/2017 8:00,Gaslamp,49,individual_sleeper,1,no,54,-117.16063,32.71455
913,12/27/2017 8:00,Gaslamp,49,individual_sleeper,2,no,54,-117.1609546,32.71435952
915,12/27/2017 8:00,Gaslamp,49,individual_sleeper,2,no,54,-117.1605869,32.71372152
924,12/27/2017 8:00,Gaslamp,49,individual_sleeper,1,no,54,-117.16057,32.7135
928,12/27/2017 8:00,Gaslamp,49,individual_sleeper,1,no,54,-117.16094,32.7131
935,12/27/2017 8:00,Gaslamp,49,individual_sleeper,6,no,54,-117.16026,32.71332
938,12/27/2017 8:00,Gaslamp,49,individual_sleeper,2,no,54,-117.1593532,32.71313972
942,12/27/2017 8:00,Gaslamp,49,individual_sleeper,6,no,54,-117.1596887,32.71266664
946,12/27/2017 8:00,Gaslamp,49,individual_sleeper,3,no,54,-117.15973,32.71246
950,12/27/2017 8:00,Gaslamp,49,individual_sleeper,1,no,54,-117.16025,32.71229
953,12/27/2017 8:00,Gaslamp,49,individual_sleeper,1,no,54,-117.16003,32.71172
965,12/27/2017 8:00,Gaslamp,49,individual_sleeper,1,no,54,-117.16001,32.71089
967,12/27/2017 8:00,Gaslamp,49,individual_sleeper,1,no,54,-117.16114,32.71112
970,12/27/2017 8:00,Gaslamp,49,individual_sleeper,2,no,54,-117.16024,32.71105
975,12/27/2017 8:00,Gaslamp,49,individual_sleeper,1,no,54,-117.1593867,32.71066398
982,12/27/2017 8:00,Gaslamp,49,individual_sleeper,1,no,54,-117.15978,32.70946
987,12/27/2017 8:00,Gaslamp,49,individual_sleeper,1,no,54,-117.16036,32.70947
989,12/27/2017 8:00,Gaslamp,49,individual_sleeper,1,no,54,-117.1603,32.70927
991,12/27/2017 8:00,Gaslamp,49,individual_sleeper,1,no,54,-117.16082,32.70927
994,12/27/2017 8:00,Gaslamp,49,individual_sleeper,3,no,54,-117.1599628,32.70784276
995,12/27/2017 8:00,Gaslamp,49,individual_sleeper,4,no,54,-117.159643,32.70818774
996,12/27/2017 8:00,Gaslamp,49,individual_sleeper,1,no,54,-117.15979,32.70712
997,12/27/2017 8:00,Gaslamp,49,individual_sleeper,3,no,54,-117.1594,32.70691
228,12/29/2016 8:00,Gaslamp,34,individual_sleeper,2,na,48,-117.1600532,32.71537145
250,12/29/2016 8:00,Gaslamp,34,individual_sleeper,6,na,48,-117.1600585,32.71412226
272,12/29/2016 8:00,Gaslamp,34,individual_sleeper,1,na,48,-117.1602421,32.71376016
295,12/29/2016 8:00,Gaslamp,34,individual_sleeper,2,na,48,-117.16097,32.7133
314,12/29/2016 8:00,Gaslamp,34,individual_sleeper,1,na,48,-117.1604,32.71265257
334,12/29/2016 8:00,Gaslamp,34,individual_sleeper,1,na,48,-117.1609317,32.71174774
353,12/29/2016 8:00,Gaslamp,34,individual_sleeper,4,na,48,-117.16006,32.71329
367,12/29/2016 8:00,Gaslamp,34,individual_sleeper,5,na,48,-117.16005,32.71282
390,12/29/2016 8:00,Gaslamp,34,individual_sleeper,10,na,48,-117.1595827,32.71266354
404,12/29/2016 8:00,Gaslamp,34,individual_sleeper,5,na,48,-117.1593368,32.71282226
417,12/29/2016 8:00,Gaslamp,34,individual_sleeper,1,na,48,-117.15935,32.71192
430,12/29/2016 8:00,Gaslamp,34,individual_sleeper,1,na,48,-117.15944,32.71138
440,12/29/2016 8:00,Gaslamp,34,individual_sleeper,4,na,48,-117.1600193,32.71062451
453,12/29/2016 8:00,Gaslamp,34,individual_sleeper,1,na,48,-117.1602315,32.71107
475,12/29/2016 8:00,Gaslamp,34,individual_sleeper,1,na,48,-117.1602161,32.70894774
546,12/29/2016 8:00,Gaslamp,34,individual_sleeper,1,na,48,-117.1593244,32.70694903
554,12/29/2016 8:00,Gaslamp,34,individual_sleeper,2,na,48,-117.15973,32.70719
1020,12/29/2016 8:00,Gaslamp,34,individual_sleeper,1,na,48,-117.159991,32.70765331
587,2/21/2018 8:00,Gaslamp,51,individual_sleeper,2,na,52,-117.1609883,32.71557128
689,2/21/2018 8:00,Gaslamp,51,individual_sleeper,1,na,52,-117.16095,32.71473
778,2/21/2018 8:00,Gaslamp,51,individual_sleeper,5,na,52,-117.1600636,32.71555774
788,2/21/2018 8:00,Gaslamp,51,individual_sleeper,2,na,52,-117.1609751,32.71406805
803,2/21/2018 8:00,Gaslamp,51,individual_sleeper,1,na,52,-117.1602356,32.71409805
878,2/21/2018 8:00,Gaslamp,51,individual_sleeper,3,na,52,-117.1600751,32.71422895
879,2/21/2018 8:00,Gaslamp,51,individual_sleeper,3,na,52,-117.1596493,32.71457319
880,2/21/2018 8:00,Gaslamp,51,individual_sleeper,5,na,52,-117.1609622,32.71305
881,2/21/2018 8:00,Gaslamp,51,individual_sleeper,1,na,52,-117.1602871,32.71354124
882,2/21/2018 8:00,Gaslamp,51,individual_sleeper,8,na,52,-117.1600676,32.71310708
883,2/21/2018 8:00,Gaslamp,51,individual_sleeper,4,na,52,-117.1597,32.71265
884,2/21/2018 8:00,Gaslamp,51,individual_sleeper,7,na,52,-117.1593117,32.71281903
885,2/21/2018 8:00,Gaslamp,51,individual_sleeper,1,na,52,-117.1593117,32.71338611
886,2/21/2018 8:00,Gaslamp,51,individual_sleeper,1,na,52,-117.16022,32.71197
887,2/21/2018 8:00,Gaslamp,51,individual_sleeper,1,na,52,-117.16005,32.71204
888,2/21/2018 8:00,Gaslamp,51,individual_sleeper,3,na,52,-117.15952,32.71250416
889,2/21/2018 8:00,Gaslamp,51,individual_sleeper,1,na,52,-117.16094,32.71093
890,2/21/2018 8:00,Gaslamp,51,individual_sleeper,1,na,52,-117.16072,32.71135
891,2/21/2018 8:00,Gaslamp,51,individual_sleeper,1,na,52,-117.1604024,32.71141062
892,2/21/2018 8:00,Gaslamp,51,individual_sleeper,2,na,52,-117.16021,32.71093
893,2/21/2018 8:00,Gaslamp,51,individual_sleeper,6,na,52,-117.16004,32.71095
894,2/21/2018 8:00,Gaslamp,51,individual_sleeper,7,na,52,-117.1593478,32.71052743
895,2/21/2018 8:00,Gaslamp,51,individual_sleeper,5,na,52,-117.16094,32.70989
896,2/21/2018 8:00,Gaslamp,51,individual_sleeper,1,na,52,-117.1606,32.71034805
897,2/21/2018 8:00,Gaslamp,51,individual_sleeper,1,na,52,-117.16019,32.70991
898,2/21/2018 8:00,Gaslamp,51,individual_sleeper,1,na,52,-117.16003,32.70985
899,2/21/2018 8:00,Gaslamp,51,individual_sleeper,1,na,52,-117.16018,32.70884
900,2/21/2018 8:00,Gaslamp,51,individual_sleeper,2,na,52,-117.16001,32.70883
901,2/21/2018 8:00,Gaslamp,51,individual_sleeper,1,na,52,-117.1592585,32.70927451
902,2/21/2018 8:00,Gaslamp,51,individual_sleeper,5,na,52,-117.15934,32.70691
7,2/23/2017 8:00,Gaslamp,30,individual_sleeper,2,na,55,-117.1609583,32.71521677
31,2/23/2017 8:00,Gaslamp,30,individual_sleeper,2,na,55,-117.1600468,32.71521872
46,2/23/2017 8:00,Gaslamp,30,individual_sleeper,1,na,55,-117.1602527,32.71421
63,2/23/2017 8:00,Gaslamp,30,individual_sleeper,1,na,55,-117.1600571,32.71412
79,2/23/2017 8:00,Gaslamp,30,individual_sleeper,1,na,55,-117.1593744,32.71419903
94,2/23/2017 8:00,Gaslamp,30,individual_sleeper,1,na,55,-117.1609659,32.71295226
109,2/23/2017 8:00,Gaslamp,30,individual_sleeper,1,na,55,-117.1608273,32.71264708
125,2/23/2017 8:00,Gaslamp,30,individual_sleeper,1,na,55,-117.1603646,32.71265385
147,2/23/2017 8:00,Gaslamp,30,individual_sleeper,4,na,55,-117.1602495,32.71333677
168,2/23/2017 8:00,Gaslamp,30,individual_sleeper,4,na,55,-117.1600532,32.71339549
192,2/23/2017 8:00,Gaslamp,30,individual_sleeper,2,na,55,-117.159672,32.71352323
205,2/23/2017 8:00,Gaslamp,30,individual_sleeper,4,na,55,-117.1593349,32.71295774
222,2/23/2017 8:00,Gaslamp,30,individual_sleeper,2,na,55,-117.1600539,32.7128242
240,2/23/2017 8:00,Gaslamp,30,individual_sleeper,2,na,55,-117.1595354,32.71265739
298,2/23/2017 8:00,Gaslamp,30,individual_sleeper,1,na,55,-117.1600324,32.71238226
325,2/23/2017 8:00,Gaslamp,30,individual_sleeper,2,na,55,-117.1600405,32.71208
339,2/23/2017 8:00,Gaslamp,30,individual_sleeper,1,na,55,-117.1600324,32.71176253
364,2/23/2017 8:00,Gaslamp,30,individual_sleeper,2,na,55,-117.160579,32.71050708
384,2/23/2017 8:00,Gaslamp,30,individual_sleeper,1,na,55,-117.15961,32.71137681
400,2/23/2017 8:00,Gaslamp,30,individual_sleeper,2,na,55,-117.1600198,32.71110451
443,2/23/2017 8:00,Gaslamp,30,individual_sleeper,2,na,55,-117.160909,32.70903903
451,2/23/2017 8:00,Gaslamp,30,individual_sleeper,2,na,55,-117.1602195,32.70898
466,2/23/2017 8:00,Gaslamp,30,individual_sleeper,1,na,55,-117.1597393,32.70843739
482,2/23/2017 8:00,Gaslamp,30,individual_sleeper,3,na,55,-117.1599917,32.70762128
492,2/23/2017 8:00,Gaslamp,30,individual_sleeper,12,na,55,-117.15954,32.70712
11,2/25/2016 8:00,Gaslamp,28,individual_sleeper,1,na,,-117.1609668,32.7151781
16,2/25/2016 8:00,Gaslamp,28,individual_sleeper,2,na,,-117.1602544,32.71520195
24,2/25/2016 8:00,Gaslamp,28,individual_sleeper,1,na,,-117.1600468,32.7151781
48,2/25/2016 8:00,Gaslamp,28,individual_sleeper,1,na,,-117.1593415,32.71543221
102,2/25/2016 8:00,Gaslamp,28,individual_sleeper,1,na,,-117.1597108,32.7145658
134,2/25/2016 8:00,Gaslamp,28,individual_sleeper,2,na,,-117.1593385,32.71311662
157,2/25/2016 8:00,Gaslamp,28,individual_sleeper,2,na,,-117.1600595,32.71289608
285,2/25/2016 8:00,Gaslamp,28,individual_sleeper,5,na,,-117.1599656,32.71160459
317,2/25/2016 8:00,Gaslamp,28,individual_sleeper,3,na,,-117.160242,32.71225977
337,2/25/2016 8:00,Gaslamp,28,individual_sleeper,2,na,,-117.1602339,32.71174771
360,2/25/2016 8:00,Gaslamp,28,individual_sleeper,5,na,,-117.1608564,32.7105961
391,2/25/2016 8:00,Gaslamp,28,individual_sleeper,3,na,,-117.1602312,32.71125101
415,2/25/2016 8:00,Gaslamp,28,individual_sleeper,1,na,,-117.1594285,32.7103416
436,2/25/2016 8:00,Gaslamp,28,individual_sleeper,1,na,,-117.1609276,32.71015202
445,2/25/2016 8:00,Gaslamp,28,individual_sleeper,1,na,,-117.1609241,32.70969015
485,2/25/2016 8:00,Gaslamp,28,individual_sleeper,1,na,,-117.1599149,32.70928354
22,2/26/2015 8:00,Gaslamp,14,individual_sleeper,3,no,,-117.16099,32.71538
32,2/26/2015 8:00,Gaslamp,14,individual_sleeper,1,no,,-117.15979,32.71562
43,2/26/2015 8:00,Gaslamp,14,individual_sleeper,3,no,,-117.16007,32.7142
83,2/26/2015 8:00,Gaslamp,14,individual_sleeper,1,no,,-117.1600485,32.71294889
107,2/26/2015 8:00,Gaslamp,14,individual_sleeper,1,no,,-117.1600378,32.71163903
132,2/26/2015 8:00,Gaslamp,14,individual_sleeper,3,no,,-117.1602261,32.71092945
171,2/26/2015 8:00,Gaslamp,14,individual_sleeper,5,no,,-117.1600124,32.71087521
191,2/26/2015 8:00,Gaslamp,14,individual_sleeper,1,no,,-117.1593117,32.71021105
221,2/26/2015 8:00,Gaslamp,14,individual_sleeper,1,no,,-117.1599122,32.70928743
238,2/26/2015 8:00,Gaslamp,14,individual_sleeper,1,no,,-117.1609078,32.70871347
248,2/26/2015 8:00,Gaslamp,14,individual_sleeper,1,no,,-117.1594871,32.70721
259,2/26/2015 8:00,Gaslamp,14,individual_sleeper,1,no,,-117.15947,32.70693965
55,2/26/2016 8:00,Gaslamp,14,individual_sleeper,1,no,,-117.1602376,32.71329478
143,2/28/2014 8:00,Gaslamp,2,individual_sleeper,1,na,,-117.16027,32.71543
151,2/28/2014 8:00,Gaslamp,2,individual_sleeper,1,na,,-117.16027,32.71496
175,2/28/2014 8:00,Gaslamp,2,individual_sleeper,2,na,,-117.15936,32.71485
181,2/28/2014 8:00,Gaslamp,2,individual_sleeper,1,na,,-117.16095,32.71438
190,2/28/2014 8:00,Gaslamp,2,individual_sleeper,1,na,,-117.16027,32.71418
196,2/28/2014 8:00,Gaslamp,2,individual_sleeper,2,na,,-117.16094,32.71422
201,2/28/2014 8:00,Gaslamp,2,individual_sleeper,1,na,,-117.16026,32.71346
216,2/28/2014 8:00,Gaslamp,2,individual_sleeper,2,na,,-117.15935,32.71335
224,2/28/2014 8:00,Gaslamp,2,individual_sleeper,1,na,,-117.16123,32.71227
233,2/28/2014 8:00,Gaslamp,2,individual_sleeper,1,na,,-117.15934,32.7117
255,2/28/2014 8:00,Gaslamp,2,individual_sleeper,1,na,,-117.16,32.71022
261,2/28/2014 8:00,Gaslamp,2,individual_sleeper,2,na,,-117.15933,32.71001
267,2/28/2014 8:00,Gaslamp,2,individual_sleeper,1,na,,-117.1593987,32.70930508
275,2/28/2014 8:00,Gaslamp,2,individual_sleeper,1,na,,-117.1592713,32.70901226
281,2/28/2014 8:00,Gaslamp,2,individual_sleeper,1,na,,-117.1603907,32.70842169
300,2/28/2014 8:00,Gaslamp,2,individual_sleeper,4,na,,-117.1598,32.70711
308,2/28/2014 8:00,Gaslamp,2,individual_sleeper,2,na,,-117.1593,32.70705
319,2/28/2014 8:00,Gaslamp,2,individual_sleeper,1,na,,-117.15935,32.70685
139,3/1/2014 8:00,Gaslamp,3,individual_sleeper,2,na,,-117.16027,32.71542
174,3/1/2014 8:00,Gaslamp,3,individual_sleeper,1,na,,-117.16026,32.71488
186,3/1/2014 8:00,Gaslamp,3,individual_sleeper,1,na,,-117.16004,32.71543
197,3/1/2014 8:00,Gaslamp,3,individual_sleeper,2,na,,-117.16079,32.71455
211,3/1/2014 8:00,Gaslamp,3,individual_sleeper,1,na,,-117.16027,32.71413
219,3/1/2014 8:00,Gaslamp,3,individual_sleeper,1,na,,-117.16027,32.71389
232,3/1/2014 8:00,Gaslamp,3,individual_sleeper,1,na,,-117.16002,32.71372
243,3/1/2014 8:00,Gaslamp ,3,individual_sleeper,1,na,,-117.15938,32.71447
254,3/1/2014 8:00,Gaslamp,3,individual_sleeper,1,na,,-117.16003,32.71349
265,3/1/2014 8:00,Gaslamp,3,individual_sleeper,1,na,,-117.16002,32.71309
273,3/1/2014 8:00,Gaslamp,3,individual_sleeper,1,na,,-117.160023,32.71267295
284,3/1/2014 8:00,Gaslamp,3,individual_sleeper,1,na,,-117.16026,32.71343
294,3/1/2014 8:00,Gaslamp,3,individual_sleeper,3,na,,-117.16093,32.71321
313,3/1/2014 8:00,Gaslamp,3,individual_sleeper,2,na,,-117.16058,32.71246
324,3/1/2014 8:00,Gaslamp,3,individual_sleeper,1,na,,-117.16092,32.71204
336,3/1/2014 8:00,Gaslamp,3,individual_sleeper,1,na,,-117.16025,32.71226
344,3/1/2014 8:00,Gaslamp ,3,individual_sleeper,1,na,,-117.16002,32.71225
351,3/1/2014 8:00,Gaslamp ,3,individual_sleeper,2,na,,-117.16002,32.71163
365,3/1/2014 8:00,Gaslamp ,3,individual_sleeper,1,na,,-117.15933,32.7108
376,3/1/2014 8:00,Gaslamp ,3,individual_sleeper,1,na,,-117.160894,32.70885
388,3/1/2014 8:00,Gaslamp ,3,individual_sleeper,1,na,,-117.1596307,32.70846806
398,3/1/2014 8:00,Gaslamp ,3,individual_sleeper,1,na,,-117.1593362,32.7079152
414,3/1/2014 8:00,Gaslamp ,3,individual_sleeper,1,na,,-117.1595121,32.70695201
923,3/1/2016 8:00,Gaslamp,27,individual_sleeper,2,na,,-117.1602586,32.71514819
926,3/1/2016 8:00,Gaslamp,27,individual_sleeper,1,na,,-117.16007,32.71452
929,3/1/2016 8:00,Gaslamp,27,individual_sleeper,1,na,,-117.16097,32.71367
931,3/1/2016 8:00,Gaslamp,27,individual_sleeper,1,na,,-117.16032,32.71353
933,3/1/2016 8:00,Gaslamp,27,individual_sleeper,1,na,,-117.16006,32.71345
940,3/1/2016 8:00,Gaslamp,27,individual_sleeper,3,na,,-117.1600693,32.71307611
943,3/1/2016 8:00,Gaslamp,27,individual_sleeper,1,na,,-117.1598,32.71263
948,3/1/2016 8:00,Gaslamp,27,individual_sleeper,1,na,,-117.15977,32.71247
952,3/1/2016 8:00,Gaslamp,27,individual_sleeper,1,na,,-117.1604,32.71249
955,3/1/2016 8:00,Gaslamp,27,individual_sleeper,2,na,,-117.16113,32.71123
957,3/1/2016 8:00,Gaslamp,27,individual_sleeper,1,na,,-117.1602517,32.70930818
958,3/1/2016 8:00,Gaslamp,27,individual_sleeper,1,na,,-117.1609,32.71138
962,3/1/2016 8:00,Gaslamp,27,individual_sleeper,3,na,,-117.1603,32.7114
966,3/1/2016 8:00,Gaslamp,27,individual_sleeper,1,na,,-117.1600272,32.71095
969,3/1/2016 8:00,Gaslamp,27,individual_sleeper,1,na,,-117.15935,32.71034016
971,3/1/2016 8:00,Gaslamp,27,individual_sleeper,2,na,,-117.16002,32.70883
1049,3/1/2016 8:00,Gaslamp,27,individual_sleeper,2,na,,-117.1593322,32.7132742
1053,3/1/2016 8:00,gaslamp,27,individual_sleeper,1,na,,-117.1609594,32.714948
1056,3/1/2016 8:00,Gaslamp ,27,individual_sleeper,8,na,,-117.1600299,32.70724608
1063,3/1/2016 8:00,Gaslamp ,27,individual_sleeper,2,na,,-117.1597431,32.70707705
1065,3/1/2016 8:00,Gaslamp ,27,individual_sleeper,1,na,,-117.1592839,32.70707413
1068,3/1/2016 8:00,Gaslamp,27,individual_sleeper,1,na,,-117.16095,32.71537
1071,3/1/2016 8:00,Gaslamp,27,individual_sleeper,1,na,,-117.16112,32.71065
613,3/26/2015 7:00,Gaslamp,15,individual_sleeper,1,no,,-117.16097,32.7154
622,3/26/2015 7:00,gaslamp,15,individual_sleeper,1,no,,-117.16097,32.71486
625,3/26/2015 7:00,gaslamp,15,individual_sleeper,1,no,,-117.16025,32.71521
632,3/26/2015 7:00,gaslamp,15,individual_sleeper,3,no,,-117.1597107,32.71560708
647,3/26/2015 7:00,gaslamp,15,individual_sleeper,1,no,,-117.16024,32.7131
653,3/26/2015 7:00,gaslamp,15,individual_sleeper,1,no,,-117.16061,32.71264
660,3/26/2015 7:00,gaslamp,15,individual_sleeper,1,no,,-117.1609354,32.71202
666,3/26/2015 7:00,gaslamp,15,individual_sleeper,1,no,,-117.16057,32.71159
674,3/26/2015 7:00,gaslamp,15,individual_sleeper,1,no,,-117.16023,32.71204
688,3/26/2015 7:00,gaslamp,15,individual_sleeper,1,no,,-117.1609046,32.70848514
694,3/26/2015 7:00,gaslamp,15,individual_sleeper,1,no,,-117.16,32.70742
700,3/26/2015 7:00,gaslamp,15,individual_sleeper,9,no,,-117.15931,32.70688806
607,3/28/2018 7:00,Gaslamp,52,individual_sleeper,4,no,59,-117.1609498,32.71525354
657,3/28/2018 7:00,Gaslamp,52,individual_sleeper,1,no,59,-117.1600424,32.71514805
692,3/28/2018 7:00,Gaslamp,52,individual_sleeper,4,no,59,-117.159379,32.71507805
701,3/28/2018 7:00,Gaslamp,52,individual_sleeper,6,no,59,-117.1593749,32.71477101
761,3/28/2018 7:00,Gaslamp,52,individual_sleeper,2,no,59,-117.1602649,32.7152258
774,3/28/2018 7:00,Gaslamp,52,individual_sleeper,1,no,59,-117.1609356,32.714117
781,3/28/2018 7:00,Gaslamp,52,individual_sleeper,4,no,59,-117.1600378,32.71413646
784,3/28/2018 7:00,Gaslamp,52,individual_sleeper,2,no,59,-117.1593651,32.71413222
903,3/28/2018 7:00,Gaslamp,52,individual_sleeper,2,no,59,-117.1609317,32.71281093
906,3/28/2018 7:00,Gaslamp,52,individual_sleeper,1,no,59,-117.1607541,32.71265514
909,3/28/2018 7:00,Gaslamp,52,individual_sleeper,3,no,59,-117.1602576,32.71301895
917,3/28/2018 7:00,Gaslamp,52,individual_sleeper,2,no,59,-117.1600271,32.71308805
921,3/28/2018 7:00,Gaslamp,52,individual_sleeper,5,no,59,-117.1597378,32.71265514
925,3/28/2018 7:00,Gaslamp,52,individual_sleeper,2,no,59,-117.1593315,32.71311222
932,3/28/2018 7:00,Gaslamp,52,individual_sleeper,1,no,59,-117.16061,32.71247
936,3/28/2018 7:00,Gaslamp,52,individual_sleeper,3,no,59,-117.16023,32.71201
939,3/28/2018 7:00,Gaslamp,52,individual_sleeper,2,no,59,-117.1600278,32.71197518
944,3/28/2018 7:00,Gaslamp,52,individual_sleeper,1,no,59,-117.1599354,32.71161642
951,3/28/2018 7:00,Gaslamp,52,individual_sleeper,2,no,59,-117.1607446,32.71161222
956,3/28/2018 7:00,Gaslamp,52,individual_sleeper,2,no,59,-117.1605827,32.7113642
960,3/28/2018 7:00,Gaslamp,52,individual_sleeper,2,no,59,-117.1609037,32.71093385
964,3/28/2018 7:00,Gaslamp,52,individual_sleeper,4,no,59,-117.1602388,32.71093642
968,3/28/2018 7:00,Gaslamp,52,individual_sleeper,1,no,59,-117.1605705,32.71052868
974,3/28/2018 7:00,Gaslamp,52,individual_sleeper,4,no,59,-117.1600024,32.71073549
978,3/28/2018 7:00,Gaslamp,52,individual_sleeper,1,no,59,-117.1594146,32.71054514
980,3/28/2018 7:00,Gaslamp,52,individual_sleeper,1,no,59,-117.1605739,32.71033292
983,3/28/2018 7:00,Gaslamp,52,individual_sleeper,3,no,59,-117.1609117,32.71001264
984,3/28/2018 7:00,Gaslamp,52,individual_sleeper,1,no,59,-117.1599924,32.70948868
985,3/28/2018 7:00,Gaslamp,52,individual_sleeper,2,no,59,-117.1599785,32.70845868
986,3/28/2018 7:00,Gaslamp,52,individual_sleeper,2,no,59,-117.1594039,32.70823549
988,3/28/2018 7:00,Gaslamp,52,individual_sleeper,1,no,59,-117.1592968,32.70813646
990,3/28/2018 7:00,Gaslamp,52,individual_sleeper,1,no,59,-117.1609039,32.70842062
992,3/28/2018 7:00,Gaslamp,52,individual_sleeper,4,no,59,-117.16022,32.70822
993,3/28/2018 7:00,Gaslamp,52,individual_sleeper,10,no,59,-117.1592807,32.70708354
1000,3/28/2018 7:00,Gaslamp,52,individual_sleeper,4,no,59,-117.1602749,32.71427611
1001,3/28/2018 7:00,Gaslamp,52,individual_sleeper,2,no,59,-117.1602695,32.71389704
66,3/30/2017 7:00,Gaslamp,38,individual_sleeper,3,na,58,-117.1609617,32.71507
69,3/30/2017 7:00,Gaslamp,38,individual_sleeper,3,na,58,-117.160059,32.71410226
92,3/30/2017 7:00,Gaslamp,38,individual_sleeper,1,na,58,-117.1609624,32.71297681
104,3/30/2017 7:00,gaslamp,38,individual_sleeper,3,yes,58,-117.1606041,32.71265303
114,3/30/2017 7:00,Gaslamp,38,individual_sleeper,4,na,58,-117.1602505,32.71291409
154,3/30/2017 7:00,GASLAMP,38,individual_sleeper,1,na,58,-117.1593436,32.71351327
299,3/30/2017 7:00,Gaslamp,38,individual_sleeper,5,na,58,-117.1593256,32.71288
389,3/30/2017 7:00,Gaslamp,38,individual_sleeper,1,na,58,-117.1595869,32.7126616
405,3/30/2017 7:00,gaslamp,38,individual_sleeper,1,na,58,-117.1597902,32.71264994
708,3/30/2017 7:00,gaslamp,38,individual_sleeper,3,na,58,-117.1600456,32.71284946
717,3/30/2017 7:00,gaslamp,38,individual_sleeper,1,na,58,-117.1593329,32.71203646
723,3/30/2017 7:00,gaslamp,38,individual_sleeper,2,na,58,-117.1596722,32.71139035
738,3/30/2017 7:00,gaslamp,38,individual_sleeper,2,na,58,-117.1600217,32.71091354
751,3/30/2017 7:00,gaslamp,38,individual_sleeper,1,na,58,-117.1592976,32.71089646
759,3/30/2017 7:00,gaslamp,38,individual_sleeper,1,na,58,-117.1601997,32.7088684
763,3/30/2017 7:00,gaslamp,38,individual_sleeper,1,na,58,-117.1600056,32.70882583
792,3/30/2017 7:00,gaslamp,38,individual_sleeper,1,na,58,-117.1598539,32.70824389
797,3/30/2017 7:00,Gaslamp,38,individual_sleeper,2,na,58,-117.1599917,32.70789001
1013,3/30/2017 7:00,Gaslamp,38,individual_sleeper,4,na,58,-117.15955,32.70704
4,4/1/2014 7:00,Gaslamp,4,individual_sleeper,1,na,,-117.15949,32.71561
10,4/1/2014 7:00,Gaslamp,4,individual_sleeper,1,no,,-117.16006,32.71532
14,4/1/2014 7:00,Gaslamp,4,individual_sleeper,1,na,,-117.16007,32.71509
19,4/1/2014 7:00,Gaslamp,4,individual_sleeper,1,na,,-117.1594702,32.71472836
27,4/1/2014 7:00,Gaslamp,4,individual_sleeper,1,na,,-117.16042,32.71352
38,4/1/2014 7:00,Gaslamp,4,individual_sleeper,1,na,,-117.16022,32.71324
45,4/1/2014 7:00,Gaslamp,4,individual_sleeper,1,na,,-117.16098,32.71158
51,4/1/2014 7:00,Gaslamp,4,individual_sleeper,1,na,,-117.16097,32.71203
61,4/1/2014 7:00,Gaslamp,4,individual_sleeper,1,na,,-117.16021,32.71185
68,4/1/2014 7:00,Gaslamp,4,individual_sleeper,1,na,,-117.15933,32.71189
84,4/1/2014 7:00,Gaslamp,4,individual_sleeper,1,na,,-117.1607569,32.71054206
95,4/1/2014 7:00,Gaslamp,4,individual_sleeper,1,na,,-117.1597257,32.70945031
106,4/1/2014 7:00,Gaslamp,4,individual_sleeper,1,na,,-117.15926,32.70923
124,4/1/2014 7:00,Gaslamp,4,individual_sleeper,5,na,,-117.15943,32.7069
785,4/1/2015 7:00,Gaslamp,16,individual_sleeper,2,na,,-117.15957,32.71563
790,4/1/2015 7:00,Gaslamp,16,individual_sleeper,1,na,,-117.1593227,32.71525
802,4/1/2015 7:00,Gaslamp,16,individual_sleeper,1,na,,-117.1609759,32.71291097
807,4/1/2015 7:00,Gaslamp,16,individual_sleeper,2,na,,-117.159329,32.71300323
816,4/1/2015 7:00,Gaslamp,16,individual_sleeper,1,na,,-117.1609544,32.71232261
820,4/1/2015 7:00,Gaslamp,16,individual_sleeper,2,na,,-117.1602329,32.7123
825,4/1/2015 7:00,Gaslamp,16,individual_sleeper,6,na,,-117.16021,32.71086
830,4/1/2015 7:00,Gaslamp,16,individual_sleeper,1,na,,-117.1601968,32.70861774
837,4/1/2015 7:00,Gaslamp,16,individual_sleeper,1,na,,-117.15925,32.70915
843,4/1/2015 7:00,Gaslamp,16,individual_sleeper,1,na,,-117.1592588,32.70855128
848,4/1/2015 7:00,Gaslamp,16,individual_sleeper,1,na,,-117.1600039,32.70798774
629,4/1/2016 7:00,Gaslamp,37,individual_sleeper,2,na,,-117.1597,32.71561
636,4/1/2016 7:00,Gaslamp,37,individual_sleeper,3,na,,-117.1609727,32.71556872
646,4/1/2016 7:00,Gaslamp,37,individual_sleeper,1,na,,-117.16006,32.71455
661,4/1/2016 7:00,Gaslamp,37,individual_sleeper,4,na,,-117.1593368,32.71311097
682,4/1/2016 7:00,Gaslamp,37,individual_sleeper,6,na,,-117.15967,32.71265837
715,4/1/2016 7:00,Gaslamp,37,individual_sleeper,3,na,,-117.1608546,32.71264031
728,4/1/2016 7:00,Gaslamp,37,individual_sleeper,1,na,,-117.1600339,32.71175
737,4/1/2016 7:00,Gaslamp,37,individual_sleeper,2,na,,-117.1611388,32.71088774
746,4/1/2016 7:00,Gaslamp,37,individual_sleeper,5,na,,-117.1609432,32.71120323
780,4/1/2016 7:00,Gaslamp,37,individual_sleeper,1,na,,-117.1593188,32.71090226
791,4/1/2016 7:00,Gaslamp,37,individual_sleeper,1,na,,-117.1609178,32.70987097
798,4/1/2016 7:00,Gaslamp,37,individual_sleeper,2,na,,-117.1602141,32.70991097
811,4/1/2016 7:00,Gaslamp,37,individual_sleeper,1,na,,-117.1600112,32.70982549
818,4/1/2016 7:00,Gaslamp,37,individual_sleeper,2,na,,-117.1609037,32.7087942
826,4/1/2016 7:00,Gaslamp,37,individual_sleeper,2,na,,-117.1602163,32.70885323
832,4/1/2016 7:00,Gaslamp,37,individual_sleeper,2,na,,-117.1602107,32.70792774
839,4/1/2016 7:00,Gaslamp,37,individual_sleeper,2,na,,-117.1599959,32.70783323
841,4/1/2016 7:00,Gaslamp,37,individual_sleeper,1,na,,-117.1596173,32.70738514
39,4/25/2018 7:00,Gaslamp,39,individual_sleeper,1,no,,-117.1609437,32.71516195
57,4/25/2018 7:00,Gaslamp,39,individual_sleeper,1,no,,-117.16027,32.71515863
100,4/25/2018 7:00,Gaslamp,39,individual_sleeper,3,no,,-117.1600412,32.7151519
120,4/25/2018 7:00,Gaslamp,39,individual_sleeper,1,no,,-117.1606054,32.71455677
148,4/25/2018 7:00,Gaslamp,39,individual_sleeper,1,no,,-117.1609385,32.7141277
159,4/25/2018 7:00,Gaslamp,39,individual_sleeper,1,no,,-117.1605851,32.71371482
173,4/25/2018 7:00,Gaslamp,39,individual_sleeper,2,no,,-117.1600212,32.71414035
184,4/25/2018 7:00,Gaslamp,39,individual_sleeper,1,no,,-117.15967,32.71455
195,4/25/2018 7:00,Gaslamp,39,individual_sleeper,2,no,,-117.1593729,32.71414509
209,4/25/2018 7:00,Gaslamp,39,individual_sleeper,1,no,,-117.1602534,32.71308899
220,4/25/2018 7:00,Gaslamp,39,individual_sleeper,2,no,,-117.1606027,32.71266288
242,4/25/2018 7:00,Gaslamp,39,individual_sleeper,1,no,,-117.1609298,32.71308611
251,4/25/2018 7:00,Gaslamp,39,individual_sleeper,5,no,,-117.1600212,32.71302062
266,4/25/2018 7:00,Gaslamp,39,individual_sleeper,3,no,,-117.15947,32.71266354
270,4/25/2018 7:00,Gaslamp,39,individual_sleeper,3,no,,-117.15934,32.71323
283,4/25/2018 7:00,Gaslamp,39,individual_sleeper,1,no,,-117.1605954,32.71246451
293,4/25/2018 7:00,Gaslamp,39,individual_sleeper,1,no,,-117.1600246,32.7119784
307,4/25/2018 7:00,Gaslamp,39,individual_sleeper,1,no,,-117.1605854,32.71136872
323,4/25/2018 7:00,Gaslamp,39,individual_sleeper,2,no,,-117.160238,32.71094062
330,4/25/2018 7:00,Gaslamp,39,individual_sleeper,4,no,,-117.1600066,32.71088097
340,4/25/2018 7:00,Gaslamp,39,individual_sleeper,4,no,,-117.1609032,32.70988611
349,4/25/2018 7:00,Gaslamp,39,individual_sleeper,1,no,,-117.1608993,32.70885868
362,4/25/2018 7:00,Gaslamp,39,individual_sleeper,1,no,,-117.1595332,32.7082358
371,4/25/2018 7:00,Gaslamp,39,individual_sleeper,1,no,,-117.1599751,32.70784903
379,4/25/2018 7:00,Gaslamp,39,individual_sleeper,1,no,,-117.1595656,32.70717451
395,4/25/2018 7:00,Gaslamp,39,individual_sleeper,6,no,,-117.1592712,32.70696194
448,4/25/2018 7:00,Gaslamp,50,individual_sleeper,2,no,,-117.16035,32.71472
455,4/25/2018 7:00,Gaslamp,50,individual_sleeper,2,no,,-117.16006,32.71474
52,4/26/2017 7:00,Gaslamp,40,individual_sleeper,2,no,64,-117.1606,32.71558
86,4/26/2017 7:00,Gaslamp,40,individual_sleeper,1,no,64,-117.16026,32.71514
108,4/26/2017 7:00,Gaslamp,40,individual_sleeper,2,no,64,-117.16005,32.71512
177,4/26/2017 7:00,Gaslamp,40,individual_sleeper,1,no,64,-117.16025,32.71414
207,4/26/2017 7:00,Gaslamp,40,individual_sleeper,2,no,64,-117.16005,32.71413
230,4/26/2017 7:00,Gaslamp,40,individual_sleeper,1,no,64,-117.16097,32.71281
245,4/26/2017 7:00,Gaslamp,40,individual_sleeper,1,no,64,-117.1597,32.71353
253,4/26/2017 7:00,Gaslamp,40,individual_sleeper,3,no,64,-117.15931,32.71309
264,4/26/2017 7:00,Gaslamp,40,individual_sleeper,3,no,64,-117.1597,32.71263
271,4/26/2017 7:00,Gaslamp,40,individual_sleeper,1,no,64,-117.16022,32.71204
282,4/26/2017 7:00,Gaslamp,40,individual_sleeper,1,no,64,-117.16094,32.71171
292,4/26/2017 7:00,Gaslamp,40,individual_sleeper,2,no,64,-117.16004,32.712
305,4/26/2017 7:00,Gaslamp,40,individual_sleeper,1,no,64,-117.16033,32.71137
322,4/26/2017 7:00,Gaslamp,40,individual_sleeper,1,no,64,-117.15941,32.71139
329,4/26/2017 7:00,Gaslamp,40,individual_sleeper,1,no,64,-117.16085,32.71035
342,4/26/2017 7:00,Gaslamp,40,individual_sleeper,2,no,64,-117.16028,32.71033
357,4/26/2017 7:00,Gaslamp,40,individual_sleeper,1,no,64,-117.16001,32.70985
368,4/26/2017 7:00,Gaslamp,40,individual_sleeper,1,no,64,-117.16058,32.70928
381,4/26/2017 7:00,Gaslamp,40,individual_sleeper,2,no,64,-117.16,32.70928
396,4/26/2017 7:00,Gaslamp,40,individual_sleeper,1,no,64,-117.15926,32.70858
409,4/26/2017 7:00,Gaslamp,40,individual_sleeper,1,no,64,-117.1602,32.70789
418,4/26/2017 7:00,Gaslamp,40,individual_sleeper,2,no,64,-117.15963,32.70823
429,4/26/2017 7:00,Gaslamp,40,individual_sleeper,10,no,64,-117.15957,32.70708
26,5/1/2014 7:00,Gaslamp,5,individual_sleeper,1,na,,-117.15943,32.71562031
40,5/1/2014 7:00,Gaslamp,5,individual_sleeper,2,na,,-117.1593632,32.71518778
70,5/1/2014 7:00,Gaslamp,5,individual_sleeper,1,na,,-117.1593234,32.71308
101,5/1/2014 7:00,Gaslamp,5,individual_sleeper,1,na,,-117.16022,32.71317
118,5/1/2014 7:00,Gaslamp,5,individual_sleeper,2,na,,-117.1593349,32.71190837
128,5/1/2014 7:00,Gaslamp,5,individual_sleeper,1,na,,-117.1609441,32.71179
140,5/1/2014 7:00,Gaslamp,5,individual_sleeper,1,na,,-117.1609395,32.71170774
150,5/1/2014 7:00,Gaslamp,5,individual_sleeper,1,na,,-117.1609315,32.71088646
169,5/1/2014 7:00,Gaslamp,5,individual_sleeper,1,na,,-117.1605807,32.71052097
194,5/1/2014 7:00,Gaslamp,5,individual_sleeper,1,na,,-117.1599868,32.70769097
210,5/1/2014 7:00,Gaslamp,5,individual_sleeper,2,na,,-117.1593008,32.70692505
505,5/1/2015 7:00,Gaslamp,17,individual_sleeper,3,no,,-117.1609793,32.71542016
507,5/1/2015 7:00,Gaslamp,17,individual_sleeper,1,no,,-117.1593995,32.71559903
510,5/1/2015 7:00,Gaslamp,17,individual_sleeper,3,no,,-117.16097,32.71305
523,5/1/2015 7:00,Gaslamp,17,individual_sleeper,1,no,,-117.1593368,32.7130072
526,5/1/2015 7:00,Gaslamp,17,individual_sleeper,1,no,,-117.1602346,32.71193864
530,5/1/2015 7:00,Gaslamp,17,individual_sleeper,1,no,,-117.1602261,32.71127055
535,5/1/2015 7:00,Gaslamp,17,individual_sleeper,2,no,,-117.16001,32.7074
541,5/1/2015 7:00,Gaslamp,17,individual_sleeper,10,no,,-117.15925,32.70683
1048,5/1/2016 7:00,Gaslamp,26,individual_sleeper,2,na,,-117.1602459,32.7151443
1050,5/1/2016 7:00,Gaslamp,26,individual_sleeper,4,na,,-117.16005,32.71514619
1051,5/1/2016 7:00,Gaslamp,26,individual_sleeper,1,na,,-117.1602015,32.7078949
1052,5/1/2016 7:00,Gaslamp,26,individual_sleeper,1,na,,-117.1600566,32.71374226
1054,5/1/2016 7:00,Gaslamp,26,individual_sleeper,3,na,,-117.160242,32.71308342
1055,5/1/2016 7:00,Gaslamp,26,individual_sleeper,2,no,,-117.1600639,32.71272942
1058,5/1/2016 7:00,Gaslamp,26,individual_sleeper,2,na,,-117.16112,32.71091
1059,5/1/2016 7:00,Gaslamp,26,individual_sleeper,6,na,,-117.1599932,32.70788451
1061,5/1/2016 7:00,Gaslamp,26,individual_sleeper,4,no,,-117.1593878,32.7135242
1062,5/1/2016 7:00,Gaslamp,26,individual_sleeper,7,na,,-117.1599973,32.71050934
1064,5/1/2016 7:00,Gaslamp,26,individual_sleeper,1,na,,-117.1609171,32.70947627
1066,5/1/2016 7:00,Gaslamp,26,individual_sleeper,1,na,,-117.160902,32.70841611
1067,5/1/2016 7:00,Gaslamp,26,individual_sleeper,2,no,,-117.1600439,32.71216945
1069,5/1/2016 7:00,Gaslamp,26,individual_sleeper,2,no,,-117.1609227,32.71161447
274,5/26/2017 0:00,Gaslamp,42,individual_sleeper,2,no,59,-117.1609607,32.71511
286,5/26/2017 0:00,Gaslamp,42,individual_sleeper,1,no,59,-117.16053,32.71559354
302,5/26/2017 0:00,Gaslamp,42,individual_sleeper,1,no,59,-117.15938,32.71515
321,5/26/2017 0:00,Gaslamp,42,individual_sleeper,1,no,59,-117.1606213,32.7145558
327,5/26/2017 0:00,Gaslamp,42,individual_sleeper,1,no,59,-117.1604287,32.7145579
338,5/26/2017 0:00,Gaslamp,42,individual_sleeper,2,no,59,-117.15995,32.7145579
356,5/26/2017 0:00,Gaslamp,42,individual_sleeper,1,no,59,-117.16073,32.71350903
373,5/26/2017 0:00,Gaslamp,42,individual_sleeper,2,no,59,-117.1602546,32.71323887
393,5/26/2017 0:00,Gaslamp,42,individual_sleeper,3,no,59,-117.1602485,32.71265969
407,5/26/2017 0:00,Gaslamp,42,encampments,1,no,59,-117.1600294,32.71308887
422,5/26/2017 0:00,Gaslamp,42,individual_sleeper,4,no,59,-117.159702,32.71265323
428,5/26/2017 0:00,Gaslamp,42,individual_sleeper,4,no,59,-117.159346,32.71295226
437,5/26/2017 0:00,Gaslamp,42,individual_sleeper,1,no,59,-117.16092,32.71227
447,5/26/2017 0:00,Gaslamp,42,individual_sleeper,1,no,59,-117.1609227,32.71174872
452,5/26/2017 0:00,Gaslamp,42,individual_sleeper,1,no,59,-117.1606046,32.71160646
463,5/26/2017 0:00,Gaslamp,42,individual_sleeper,1,no,59,-117.16047,32.71136903
472,5/26/2017 0:00,Gaslamp,42,individual_sleeper,1,no,59,-117.16055,32.71052
490,5/26/2017 0:00,Gaslamp,42,individual_sleeper,1,no,59,-117.15981,32.71052097
491,5/26/2017 0:00,Gaslamp,42,individual_sleeper,2,no,59,-117.1609054,32.70851642
493,5/26/2017 0:00,Gaslamp,42,individual_sleeper,1,no,59,-117.15995,32.70844
494,5/26/2017 0:00,Gaslamp,42,individual_sleeper,1,no,59,-117.1599861,32.70811323
495,5/26/2017 0:00,Gaslamp,42,individual_sleeper,3,no,59,-117.15955,32.70824257
496,5/26/2017 0:00,Gaslamp,42,individual_sleeper,2,no,59,-117.1592832,32.70714677
497,5/26/2017 0:00,Gaslamp,42,individual_sleeper,5,no,59,-117.159634,32.707019
481,5/26/2017 0:00,Gaslamp,42,individual_sleeper,4,no,59,-117.160008,32.71078
225,5/27/2017 7:00,Gaslamp,44,individual_sleeper,2,no,67,-117.1596888,32.71356062
595,5/3/2018 7:00,Gaslamp,41,individual_sleeper,1,no,60,-117.1609359,32.71120938
81,5/31/2018 7:00,Gaslamp,41,individual_sleeper,2,no,60,-117.1609614,32.71521893
167,5/31/2018 7:00,Gaslamp,41,individual_sleeper,1,no,60,-117.1609841,32.71410607
179,5/31/2018 7:00,Gaslamp,41,individual_sleeper,1,no,60,-117.1593395,32.71411868
198,5/31/2018 7:00,Gaslamp,41,individual_sleeper,2,no,60,-117.16098,32.71311833
236,5/31/2018 7:00,Gaslamp,41,individual_sleeper,2,no,60,-117.16041,32.71353
304,5/31/2018 7:00,Gaslamp,41,encampments,1,no,60,-117.1604827,32.71263934
352,5/31/2018 7:00,Gaslamp,41,individual_sleeper,2,no,60,-117.15998,32.71353
411,5/31/2018 7:00,Gaslamp,41,encampments,1,no,60,-117.1598413,32.71265385
426,5/31/2018 7:00,Gaslamp,41,individual_sleeper,2,no,60,-117.1596547,32.71265385
435,5/31/2018 7:00,Gaslamp,41,individual_sleeper,3,no,60,-117.1593241,32.71329019
449,5/31/2018 7:00,Gaslamp,41,individual_sleeper,1,no,60,-117.1609385,32.71195549
459,5/31/2018 7:00,Gaslamp,41,individual_sleeper,1,no,60,-117.1602315,32.71195903
478,5/31/2018 7:00,Gaslamp,41,individual_sleeper,3,no,60,-117.15968,32.71247984
589,5/31/2018 7:00,Gaslamp,41,individual_sleeper,2,no,60,-117.15968,32.71160385
699,5/31/2018 7:00,Gaslamp,41,individual_sleeper,4,no,60,-117.1602207,32.71087
745,5/31/2018 7:00,Gaslamp,41,individual_sleeper,12,no,60,-117.1600159,32.71128549
753,5/31/2018 7:00,Gaslamp,41,individual_sleeper,1,no,60,-117.1593685,32.71054313
787,5/31/2018 7:00,Gaslamp,41,individual_sleeper,1,no,60,-117.1607247,32.71033743
801,5/31/2018 7:00,Gaslamp,41,individual_sleeper,2,no,60,-117.1609184,32.71000864
815,5/31/2018 7:00,Gaslamp,41,individual_sleeper,1,no,60,-117.1605537,32.70946354
844,5/31/2018 7:00,Gaslamp,41,individual_sleeper,1,no,60,-117.1593993,32.71034323
849,5/31/2018 7:00,Gaslamp,41,individual_sleeper,2,no,60,-117.1600134,32.70888899
853,5/31/2018 7:00,Gaslamp,41,individual_sleeper,1,no,60,-117.1597175,32.70927897
860,5/31/2018 7:00,Gaslamp,41,individual_sleeper,1,no,60,-117.16,32.70792
861,5/31/2018 7:00,Gaslamp,41,individual_sleeper,2,no,60,-117.1595568,32.70824774
865,5/31/2018 7:00,Gaslamp,41,individual_sleeper,1,no,60,-117.159512,32.70737257
868,5/31/2018 7:00,Gaslamp,41,individual_sleeper,1,no,60,-117.1594612,32.70719743
869,5/31/2018 7:00,Gaslamp,41,individual_sleeper,3,no,60,-117.1592861,32.70709774
1012,5/31/2018 7:00,Gaslamp,41,individual_sleeper,2,no,60,-117.1593452,32.71516087
1015,5/31/2018 7:00,Gaslamp,41,individual_sleeper,4,no,60,-117.1600521,32.71557
60,6/1/2014 7:00,Gaslamp,6,individual_sleeper,1,no,,-117.16026,32.71533
80,6/1/2014 7:00,Gaslamp,6,individual_sleeper,1,no,,-117.16022,32.71373
98,6/1/2014 7:00,Gaslamp,6,individual_sleeper,3,no,,-117.15934,32.71372
121,6/1/2014 7:00,Gaslamp,6,individual_sleeper,1,no,,-117.1593185,32.71312903
137,6/1/2014 7:00,Gaslamp,6,individual_sleeper,3,no,,-117.16024,32.71163
161,6/1/2014 7:00,Gaslamp,6,individual_sleeper,1,no,,-117.16023,32.71199
176,6/1/2014 7:00,Gaslamp,6,individual_sleeper,1,no,,-117.16082,32.71159
188,6/1/2014 7:00,Gaslamp,6,individual_sleeper,1,no,,-117.1593239,32.71197
203,6/1/2014 7:00,Gaslamp,6,individual_sleeper,2,no,,-117.1600429,32.71161
215,6/1/2014 7:00,Gaslamp,6,individual_sleeper,1,no,,-117.16021,32.71106
234,6/1/2014 7:00,Gaslamp,6,individual_sleeper,2,no,,-117.16094,32.71089
249,6/1/2014 7:00,Gaslamp,6,individual_sleeper,1,no,,-117.16004,32.71123
258,6/1/2014 7:00,Gaslamp,6,individual_sleeper,1,no,,-117.16003,32.71093
279,6/1/2014 7:00,Gaslamp,6,individual_sleeper,1,no,,-117.1593,32.70962
291,6/1/2014 7:00,Gaslamp,6,individual_sleeper,1,no,,-117.15991,32.70945
316,6/1/2014 7:00,Gaslamp,6,individual_sleeper,1,no,,-117.15999,32.70823
328,6/1/2014 7:00,Gaslamp,6,individual_sleeper,2,no,,-117.15929,32.70701
609,6/25/2016 7:00,Gaslamp,28,individual_sleeper,11,na,,-117.1595458,32.70704059
498,6/28/2018 7:00,Gaslamp,54,individual_sleeper,1,no,63,-117.1606063,32.71558395
499,6/28/2018 7:00,Gaslamp,54,individual_sleeper,2,no,63,-117.160944,32.71539
500,6/28/2018 7:00,Gaslamp,54,individual_sleeper,4,no,63,-117.16094,32.71474708
501,6/28/2018 7:00,Gaslamp,54,individual_sleeper,5,no,63,-117.1600407,32.71514416
502,6/28/2018 7:00,Gaslamp,54,individual_sleeper,1,no,63,-117.16093,32.71279
503,6/28/2018 7:00,Gaslamp,54,individual_sleeper,1,no,63,-117.1606,32.71267
504,6/28/2018 7:00,Gaslamp,54,individual_sleeper,5,no,63,-117.16027,32.71318
506,6/28/2018 7:00,Gaslamp,54,individual_sleeper,1,no,63,-117.1596924,32.71246903
508,6/28/2018 7:00,Gaslamp,54,individual_sleeper,1,no,63,-117.16002,32.7131
511,6/28/2018 7:00,Gaslamp,54,individual_sleeper,2,no,63,-117.15968,32.71267
515,6/28/2018 7:00,Gaslamp,54,individual_sleeper,1,no,63,-117.15935,32.71268
522,6/28/2018 7:00,Gaslamp,54,individual_sleeper,1,no,63,-117.16025,32.71181
529,6/28/2018 7:00,Gaslamp,54,individual_sleeper,1,no,63,-117.1596793,32.71352069
536,6/28/2018 7:00,Gaslamp,54,individual_sleeper,1,no,63,-117.16091,32.7109
542,6/28/2018 7:00,Gaslamp,54,individual_sleeper,1,no,63,-117.15968,32.71136
550,6/28/2018 7:00,Gaslamp,54,individual_sleeper,5,no,63,-117.1608961,32.70967514
558,6/28/2018 7:00,Gaslamp,54,individual_sleeper,1,no,63,-117.1596359,32.70845708
561,6/28/2018 7:00,Gaslamp,54,individual_sleeper,2,no,63,-117.1596168,32.70822549
568,6/28/2018 7:00,Gaslamp,54,individual_sleeper,1,no,63,-117.1599693,32.70779277
572,6/28/2018 7:00,Gaslamp,54,individual_sleeper,2,no,63,-117.16045,32.70761
217,6/29/2017 7:00,Gaslamp,43,individual_sleeper,1,no,62,-117.1606,32.71559
231,6/29/2017 7:00,Gaslamp,43,individual_sleeper,1,no,62,-117.16007,32.71516
244,6/29/2017 7:00,Gaslamp,43,individual_sleeper,2,no,62,-117.1606,32.71456
260,6/29/2017 7:00,Gaslamp,43,individual_sleeper,2,no,62,-117.16009,32.71444
269,6/29/2017 7:00,Gaslamp,43,individual_sleeper,1,no,62,-117.15968,32.71457
296,6/29/2017 7:00,Gaslamp,43,individual_sleeper,1,no,62,-117.1606,32.71351
320,6/29/2017 7:00,Gaslamp,43,individual_sleeper,6,no,62,-117.1602,32.71306
331,6/29/2017 7:00,Gaslamp,43,individual_sleeper,1,no,62,-117.16059,32.71263
350,6/29/2017 7:00,Gaslamp,43,encampments,1,no,62,-117.16007,32.71329
366,6/29/2017 7:00,Gaslamp,43,individual_sleeper,1,no,62,-117.16007,32.71289
377,6/29/2017 7:00,Gaslamp,43,individual_sleeper,4,no,62,-117.1596,32.71262
397,6/29/2017 7:00,Gaslamp,43,individual_sleeper,2,no,62,-117.15931,32.71309
413,6/29/2017 7:00,Gaslamp,43,individual_sleeper,2,no,62,-117.16022,32.712
424,6/29/2017 7:00,Gaslamp,43,individual_sleeper,2,no,62,-117.16097,32.71197
432,6/29/2017 7:00,Gaslamp,43,individual_sleeper,2,no,62,-117.16094,32.71095
439,6/29/2017 7:00,Gaslamp,43,individual_sleeper,1,no,62,-117.1602,32.71092
450,6/29/2017 7:00,Gaslamp,43,individual_sleeper,1,no,62,-117.16005,32.71095
465,6/29/2017 7:00,Gaslamp,43,individual_sleeper,1,no,62,-117.15981,32.71034
477,6/29/2017 7:00,Gaslamp,43,individual_sleeper,1,no,62,-117.15945,32.71034
487,6/29/2017 7:00,Gaslamp,43,individual_sleeper,2,no,62,-117.15928,32.70989
1002,6/29/2017 7:00,Gaslamp,43,individual_sleeper,2,no,62,-117.15945,32.70823
1003,6/29/2017 7:00,Gaslamp,43,individual_sleeper,2,no,62,-117.15977,32.70822
1004,6/29/2017 7:00,Gaslamp,43,individual_sleeper,1,no,62,-117.16022,32.70814
1005,6/29/2017 7:00,Gaslamp,43,individual_sleeper,1,no,62,-117.15982,32.70739
1006,6/29/2017 7:00,Gaslamp,43,individual_sleeper,2,no,62,-117.15991,32.70721
1007,6/29/2017 7:00,Gaslamp,43,individual_sleeper,1,no,62,-117.15938,32.70719
1008,6/29/2017 7:00,Gaslamp,43,individual_sleeper,1,no,62,-117.1595,32.70694
1009,6/29/2017 7:00,Gaslamp,43,individual_sleeper,8,no,62,-117.15934,32.70684
5,6/30/2016 7:00,Gaslamp,25,individual_sleeper,1,na,,-117.16097,32.71559
13,6/30/2016 7:00,Gaslamp,25,individual_sleeper,1,na,,-117.16024,32.71411
20,6/30/2016 7:00,Gaslamp,25,individual_sleeper,2,na,,-117.16061,32.71352
36,6/30/2016 7:00,Gaslamp,25,individual_sleeper,1,na,,-117.16098,32.7131
88,6/30/2016 7:00,Gaslamp,25,individual_sleeper,2,na,,-117.16025,32.71274
113,6/30/2016 7:00,Gaslamp,25,individual_sleeper,2,na,,-117.16025,32.71198
133,6/30/2016 7:00,Gaslamp,25,individual_sleeper,5,na,,-117.1609044,32.71097183
156,6/30/2016 7:00,Gaslamp,25,individual_sleeper,1,na,,-117.1602434,32.71096
178,6/30/2016 7:00,Gaslamp,25,individual_sleeper,1,na,,-117.16022,32.70983
235,6/30/2016 7:00,Gaslamp,25,individual_sleeper,1,na,,-117.15936,32.71509
315,6/30/2016 7:00,Gaslamp,25,individual_sleeper,1,na,,-117.16006,32.71412
335,6/30/2016 7:00,Gaslamp,25,individual_sleeper,2,na,,-117.15935,32.71403
361,6/30/2016 7:00,Gaslamp,25,individual_sleeper,1,na,,-117.15968,32.71352
383,6/30/2016 7:00,Gaslamp,25,individual_sleeper,6,na,,-117.15935,32.71301
421,6/30/2016 7:00,Gaslamp,25,individual_sleeper,5,na,,-117.16005,32.71307
441,6/30/2016 7:00,Gaslamp,25,individual_sleeper,1,na,,-117.160028,32.71204975
456,6/30/2016 7:00,Gaslamp,25,individual_sleeper,2,na,,-117.1600071,32.71121085
474,6/30/2016 7:00,Gaslamp,25,individual_sleeper,1,na,,-117.16,32.70979
517,6/30/2016 7:00,Gaslamp,25,individual_sleeper,1,na,,-117.1593393,32.70989419
563,6/30/2016 7:00,Gaslamp,25,individual_sleeper,1,na,,-117.1599782,32.70898302
574,6/30/2016 7:00,Gaslamp,25,individual_sleeper,1,na,,-117.1599707,32.70739583
585,6/30/2016 7:00,Gaslamp,25,individual_sleeper,1,na,,-117.159316,32.70718276
593,6/30/2016 7:00,Gaslamp,25,individual_sleeper,6,na,,-117.15964,32.70703
599,6/30/2016 7:00,Gaslamp,28,individual_sleeper,1,na,,-117.1594243,32.70898382
605,6/30/2016 7:00,Gaslamp,28,individual_sleeper,6,na,,-117.1599978,32.70789701
998,6/30/2016 7:00,Gaslamp,25,individual_sleeper,1,na,,-117.1593152,32.70754337
999,6/30/2016 7:00,Gaslamp,25,individual_sleeper,2,na,,-117.159965,32.70821197
34,7/1/2014 7:00,Gaslamp,7,individual_sleeper,1,na,,-117.1604313,32.71559518
42,7/1/2014 7:00,Gaslamp,7,individual_sleeper,1,na,,-117.1609273,32.71559016
64,7/1/2014 7:00,Gaslamp,7,individual_sleeper,1,na,,-117.1602613,32.71506206
71,7/1/2014 7:00,Gaslamp,7,individual_sleeper,1,na,,-117.159346,32.71543451
89,7/1/2014 7:00,Gaslamp,7,individual_sleeper,1,na,,-117.1600494,32.71498
96,7/1/2014 7:00,Gaslamp,7,individual_sleeper,1,na,,-117.16065,32.71456467
112,7/1/2014 7:00,Gaslamp,7,individual_sleeper,2,na,,-117.1600582,32.71421887
126,7/1/2014 7:00,Gaslamp,7,individual_sleeper,2,na,,-117.1609662,32.71307549
141,7/1/2014 7:00,Gaslamp,7,individual_sleeper,1,na,,-117.1607913,32.71369564
164,7/1/2014 7:00,Gaslamp,7,individual_sleeper,1,na,,-117.159342,32.71299
199,7/1/2014 7:00,Gaslamp,7,individual_sleeper,1,na,,-117.1594713,32.71352241
212,7/1/2014 7:00,Gaslamp,7,individual_sleeper,1,na,,-117.160242,32.71213226
277,7/1/2014 7:00,Gaslamp,7,individual_sleeper,2,na,,-117.1604273,32.71137354
303,7/1/2014 7:00,Gaslamp,7,individual_sleeper,1,na,,-117.161146,32.71051
343,7/1/2014 7:00,Gaslamp,7,individual_sleeper,1,na,,-117.1593321,32.71054564
621,7/1/2014 7:00,Gaslamp,7,individual_sleeper,1,na,,-117.1598534,32.71033313
624,7/1/2014 7:00,Gaslamp,7,individual_sleeper,1,na,,-117.1609228,32.7101679
631,7/1/2014 7:00,Gaslamp,7,individual_sleeper,2,na,,-117.1595813,32.70945733
641,7/1/2014 7:00,Gaslamp,7,individual_sleeper,1,na,,-117.1599013,32.70823185
659,7/1/2014 7:00,Gaslamp,7,individual_sleeper,2,na,,-117.15982,32.70714
667,7/1/2014 7:00,Gaslamp,7,individual_sleeper,1,na,,-117.15973,32.70716
672,7/1/2014 7:00,Gaslamp,7,individual_sleeper,4,na,,-117.15971,32.70706
671,7/1/2015 7:00,Gaslamp ,18,individual_sleeper,2,no,,-117.1593525,32.71561124
681,7/1/2015 7:00,Gaslamp ,18,individual_sleeper,2,no,,-117.1602349,32.71523919
726,7/1/2015 7:00,Gaslamp ,18,individual_sleeper,3,no,,-117.1609552,32.71352193
741,7/1/2015 7:00,Gaslamp ,18,individual_sleeper,2,no,,-117.1602103,32.71049486
758,7/1/2015 7:00,Gaslamp ,18,individual_sleeper,5,no,,-117.1599915,32.70839737
768,7/1/2015 7:00,Gaslamp ,18,individual_sleeper,2,no,,-117.1593769,32.70933145
799,7/1/2015 7:00,Gaslamp ,18,individual_sleeper,1,no,,-117.1609682,32.71325179
805,7/1/2015 7:00,Gaslamp,18,individual_sleeper,3,no,,-117.1597838,32.70736141
1010,7/1/2015 7:00,Gaslamp,18,individual_sleeper,1,no,,-117.1601692,32.70840612
1011,7/1/2015 7:00,Gaslamp,18,individual_sleeper,4,no,,-117.1593001,32.70685788
122,7/27/2017 7:00,Gaslamp,44,individual_sleeper,2,no,67,-117.16098,32.71516872
135,7/27/2017 7:00,Gaslamp,44,individual_sleeper,3,no,67,-117.1594993,32.71562903
149,7/27/2017 7:00,Gaslamp,44,individual_sleeper,2,no,67,-117.16098,32.7141
158,7/27/2017 7:00,Gaslamp,44,individual_sleeper,1,no,67,-117.1602266,32.71413031
172,7/27/2017 7:00,Gaslamp,44,individual_sleeper,2,no,67,-117.1600849,32.71428323
180,7/27/2017 7:00,Gaslamp,44,individual_sleeper,1,no,67,-117.160082,32.71385195
189,7/27/2017 7:00,Gaslamp,44,individual_sleeper,1,no,67,-117.1606027,32.71354934
202,7/27/2017 7:00,Gaslamp,44,individual_sleeper,2,no,67,-117.1602193,32.71308
525,7/27/2017 7:00,Gaslamp,44,individual_sleeper,2,no,67,-117.1600807,32.71306611
533,7/27/2017 7:00,Gaslamp,44,individual_sleeper,3,no,67,-117.1597093,32.7126342
539,7/27/2017 7:00,Gaslamp,44,individual_sleeper,1,no,67,-117.1593146,32.71296257
545,7/27/2017 7:00,Gaslamp,44,individual_sleeper,1,no,67,-117.1593059,32.71201191
551,7/27/2017 7:00,Gaslamp,44,individual_sleeper,1,no,67,-117.1607588,32.71251965
565,7/27/2017 7:00,Gaslamp,44,individual_sleeper,1,no,67,-117.1594405,32.71141611
577,7/27/2017 7:00,Gaslamp,44,individual_sleeper,2,no,67,-117.16021,32.71092
586,7/27/2017 7:00,Gaslamp,44,encampments,1,no,67,-117.1609661,32.71109226
618,7/27/2017 7:00,Gaslamp,44,individual_sleeper,1,no,67,-117.16096,32.71076
635,7/27/2017 7:00,Gaslamp,44,individual_sleeper,1,no,67,-117.1609634,32.71017062
656,7/27/2017 7:00,Gaslamp,44,individual_sleeper,1,no,67,-117.1600361,32.70981
673,7/27/2017 7:00,Gaslamp,44,individual_sleeper,1,no,67,-117.15991,32.70945
685,7/27/2017 7:00,Gaslamp,44,individual_sleeper,3,no,67,-117.1593812,32.70826385
703,7/27/2017 7:00,Gaslamp,44,individual_sleeper,2,no,67,-117.1600215,32.70765868
716,7/27/2017 7:00,Gaslamp,44,individual_sleeper,10,no,67,-117.159282,32.70715319
33,7/28/2016 7:00,Gaslamp,24,individual_sleeper,1,na,,-117.1600601,32.71405887
73,7/28/2016 7:00,Gaslamp,24,individual_sleeper,1,na,,-117.1602524,32.71306821
145,7/28/2016 7:00,Gaslamp,24,individual_sleeper,4,na,,-117.1593418,32.71350078
213,7/28/2016 7:00,Gaslamp,24,individual_sleeper,3,na,,-117.1599127,32.7126498
256,7/28/2016 7:00,Gaslamp,24,individual_sleeper,2,na,,-117.1593815,32.71266206
290,7/28/2016 7:00,Gaslamp,24,individual_sleeper,1,na,,-117.1609308,32.71201965
318,7/28/2016 7:00,Gaslamp,24,individual_sleeper,1,na,,-117.1605659,32.7116093
348,7/28/2016 7:00,Gaslamp,24,individual_sleeper,2,na,,-117.15969,32.7124723
375,7/28/2016 7:00,Gaslamp,24,individual_sleeper,1,na,,-117.1596933,32.7116114
408,7/28/2016 7:00,Gaslamp,24,individual_sleeper,8,na,,-117.1609201,32.7109756
444,7/28/2016 7:00,Gaslamp,24,individual_sleeper,4,na,,-117.1600188,32.71137288
462,7/28/2016 7:00,Gaslamp,24,individual_sleeper,2,na,,-117.1593329,32.71138288
479,7/28/2016 7:00,Gaslamp,24,individual_sleeper,1,na,,-117.1596587,32.71052165
549,7/28/2016 7:00,Gaslamp,24,individual_sleeper,2,na,,-117.1593318,32.71033093
573,7/28/2016 7:00,Gaslamp,24,individual_sleeper,1,na,,-117.1605836,32.70928245
588,7/28/2016 7:00,Gaslamp,24,individual_sleeper,1,na,,-117.160541,32.70840417
638,7/28/2016 7:00,Gaslamp,24,individual_sleeper,2,na,,-117.1600117,32.70781899
553,8/1/2014 7:00,Gaslamp,8,individual_sleeper,1,na,,-117.15961,32.7147
559,8/1/2014 7:00,Gaslamp,8,individual_sleeper,1,na,,-117.1592731,32.71276977
562,8/1/2014 7:00,Gaslamp,8,individual_sleeper,1,na,,-117.16051,32.71046
567,8/1/2014 7:00,Gaslamp,8,individual_sleeper,1,na,,-117.15931,32.71036
571,8/1/2014 7:00,Gaslamp,8,individual_sleeper,2,na,,-117.16004,32.70989
579,8/1/2014 7:00,Gaslamp,8,individual_sleeper,1,na,,-117.15974,32.70943
582,8/1/2014 7:00,Gaslamp,8,individual_sleeper,3,na,,-117.15928,32.70685
678,8/1/2014 7:00,Gaslamp,9,individual_sleeper,1,na,,-117.1596812,32.71494159
833,8/1/2014 7:00,Gaslamp,9,individual_sleeper,1,na,,-117.1596073,32.70946226
850,8/1/2014 7:00,Gaslamp,9,individual_sleeper,1,na,,-117.1593468,32.71292226
854,8/1/2014 7:00,Gaslamp,9,individual_sleeper,1,na,,-117.1606716,32.7105337
858,8/1/2014 7:00,Gaslamp,9,individual_sleeper,2,na,,-117.1599978,32.70964
862,8/1/2014 7:00,Gaslamp,9,individual_sleeper,1,na,,-117.1593335,32.71028226
870,8/1/2014 7:00,Gaslamp,9,individual_sleeper,3,na,,-117.1593356,32.70682875
8,8/25/2016 0:00,Gaslamp,31,individual_sleeper,1,na,,-117.1603758,32.71473467
17,8/25/2016 0:00,Gaslamp,31,individual_sleeper,5,na,,-117.1600451,32.71497058
23,8/25/2016 0:00,Gaslamp,31,individual_sleeper,1,na,,-117.1609618,32.71436759
29,8/25/2016 0:00,Gaslamp,31,individual_sleeper,2,na,,-117.1602662,32.71430688
49,8/25/2016 0:00,Gaslamp,31,individual_sleeper,1,na,,-117.1600507,32.71448872
56,8/25/2016 0:00,Gaslamp,31,individual_sleeper,1,na,,-117.1603878,32.71265903
67,8/25/2016 0:00,Gaslamp,31,individual_sleeper,8,na,,-117.1597724,32.71266241
77,8/25/2016 0:00,Gaslamp,31,individual_sleeper,3,na,,-117.1609334,32.71230646
87,8/25/2016 0:00,Gaslamp,31,individual_sleeper,1,na,,-117.1603122,32.7116177
97,8/25/2016 0:00,Gaslamp,31,individual_sleeper,2,na,,-117.160032,32.71171817
111,8/25/2016 0:00,Gaslamp,31,individual_sleeper,2,na,,-117.1611473,32.71089
123,8/25/2016 0:00,Gaslamp,31,individual_sleeper,6,na,,-117.16023,32.71093
138,8/25/2016 0:00,Gaslamp,31,individual_sleeper,1,na,,-117.16002,32.71109
155,8/25/2016 0:00,Gaslamp,31,individual_sleeper,3,na,,-117.159326,32.71097113
165,8/25/2016 0:00,Gaslamp,31,individual_sleeper,3,na,,-117.1602193,32.70986226
182,8/25/2016 0:00,Gaslamp,31,individual_sleeper,1,na,,-117.16021,32.70867
200,8/25/2016 0:00,Gaslmap,31,individual_sleeper,1,na,,-117.159274,32.70879
227,8/25/2016 0:00,Gaslamp,31,individual_sleeper,3,na,,-117.15998,32.70787
76,8/27/2015 7:00,Gaslamp,19,individual_sleeper,3,no,,-117.1595597,32.71561934
144,8/27/2015 7:00,Gaslamp,19,individual_sleeper,1,no,,-117.1609773,32.71406343
166,8/27/2015 7:00,Gaslamp,19,individual_sleeper,4,no,,-117.16096,32.71309
185,8/27/2015 7:00,Gaslamp,19,individual_sleeper,1,no,,-117.1602188,32.71060903
204,8/27/2015 7:00,Gaslamp,19,individual_sleeper,2,no,,-117.1611268,32.71062031
229,8/27/2015 7:00,Gaslamp,19,individual_sleeper,1,no,,-117.1603373,32.70840837
262,8/27/2015 7:00,Gaslamp,19,individual_sleeper,4,no,,-117.1598296,32.7084264
280,8/27/2015 7:00,Gaslamp,19,individual_sleeper,2,no,,-117.1593902,32.70738385
297,8/27/2015 7:00,Gaslamp,19,individual_sleeper,5,no,,-117.1595006,32.70708087
412,8/27/2015 7:00,Gaslamp,19,individual_sleeper,1,no,,-117.1598314,32.71562041
301,8/31/2017 7:00,Gaslamp,45,individual_sleeper,1,na,,-117.16085,32.71558
332,8/31/2017 7:00,Gaslamp,45,individual_sleeper,3,na,,-117.16094,32.71517
347,8/31/2017 7:00,Gaslamp,45,individual_sleeper,1,na,,-117.15982,32.71558
358,8/31/2017 7:00,Gaslamp,45,individual_sleeper,1,na,,-117.16004,32.71533
372,8/31/2017 7:00,Gaslamp,45,individual_sleeper,2,na,,-117.15931,32.71509
385,8/31/2017 7:00,Gaslamp,45,individual_sleeper,3,na,,-117.16007,32.71451
406,8/31/2017 7:00,Gaslamp,45,individual_sleeper,3,na,,-117.16003,32.71382
419,8/31/2017 7:00,Gaslamp,45,individual_sleeper,1,na,,-117.16093,32.71306
427,8/31/2017 7:00,Gaslamp,45,individual_sleeper,4,na,,-117.16021,32.71301
461,8/31/2017 7:00,Gaslamp,45,individual_sleeper,1,na,,-117.16006,32.71271
469,8/31/2017 7:00,Gaslamp,45,individual_sleeper,4,na,,-117.15969,32.71263
484,8/31/2017 7:00,Gaslamp,45,individual_sleeper,1,na,,-117.15932,32.71307
560,8/31/2017 7:00,Gaslamp,45,encampments,1,na,,-117.1594773,32.71247749
569,8/31/2017 7:00,Gaslamp,45,individual_sleeper,4,na,,-117.15998,32.71158
576,8/31/2017 7:00,Gaslamp,45,individual_sleeper,6,na,,-117.16029,32.71139
592,8/31/2017 7:00,Gaslamp,45,individual_sleeper,1,na,,-117.16095,32.71138
598,8/31/2017 7:00,Gaslamp,45,individual_sleeper,1,na,,-117.16131,32.71137
603,8/31/2017 7:00,Gaslamp,45,individual_sleeper,1,na,,-117.16048,32.71035
606,8/31/2017 7:00,Gaslamp,45,individual_sleeper,1,na,,-117.16019,32.70996
615,8/31/2017 7:00,Gaslamp,45,individual_sleeper,3,na,,-117.1602276,32.70885
628,8/31/2017 7:00,Gaslamp,45,individual_sleeper,1,na,,-117.16002,32.70874
634,8/31/2017 7:00,Gaslamp,45,individual_sleeper,2,na,,-117.15964,32.70825
655,8/31/2017 7:00,Gaslamp,45,individual_sleeper,2,na,,-117.1608793,32.70798113
683,8/31/2017 7:00,Gaslamp,45,individual_sleeper,4,na,,-117.1593326,32.70718194
697,8/31/2017 7:00,Gaslamp,45,individual_sleeper,2,na,,-117.1593548,32.70698097
748,8/31/2017 7:00,Gaslamp,45,individual_sleeper,3,na,,-117.1596107,32.70703395
754,8/31/2017 7:00,Gaslamp,45,individual_sleeper,4,na,,-117.1598034,32.70714846
1016,8/31/2017 7:00,Gaslamp,45,individual_sleeper,1,na,,-117.1602321,32.70766313
1017,8/31/2017 7:00,Gaslamp,45,individual_sleeper,3,na,,-117.1605768,32.707548
742,9/1/2016 7:00,Gaslamp,32,individual_sleeper,2,na,,-117.1609822,32.71544
764,9/1/2016 7:00,Gaslamp,32,individual_sleeper,1,na,,-117.1609929,32.71526292
912,9/1/2016 7:00,gaslamp,32,individual_sleeper,1,na,,-117.1600707,32.71413549
916,9/1/2016 7:00,gaslamp,32,individual_sleeper,13,na,,-117.1597,32.71264
920,9/1/2016 7:00,gaslamp,32,individual_sleeper,4,na,,-117.15932,32.71308
922,9/1/2016 7:00,gaslamp,32,individual_sleeper,1,na,,-117.16006,32.7131
927,9/1/2016 7:00,gaslamp,32,individual_sleeper,4,na,,-117.1602173,32.71199257
930,9/1/2016 7:00,gaslamp,32,individual_sleeper,1,na,,-117.16043,32.71159
934,9/1/2016 7:00,gaslamp,32,individual_sleeper,2,na,,-117.1603664,32.71140611
937,9/1/2016 7:00,gaslamp,32,individual_sleeper,1,no,,-117.1609025,32.71137016
941,9/1/2016 7:00,gaslamp,32,individual_sleeper,2,na,,-117.1600846,32.71166222
945,9/1/2016 7:00,gaslamp,32,individual_sleeper,1,na,,-117.15939,32.71142062
949,9/1/2016 7:00,gaslamp,32,individual_sleeper,2,na,,-117.16071,32.70928903
954,9/1/2016 7:00,gaslamp,32,individual_sleeper,9,na,,-117.16018,32.70851
959,9/1/2016 7:00,gaslamp,32,individual_sleeper,5,na,,-117.1599446,32.70735646
963,9/1/2016 7:00,gaslamp,32,individual_sleeper,1,na,,-117.15943,32.70735
78,9/25/2015 7:00,Gaslamp,20,individual_sleeper,1,no,,-117.1593042,32.71384312
218,9/25/2015 7:00,Gaslamp ,20,individual_sleeper,1,no,,-117.1609629,32.7140995
241,9/25/2015 7:00,Gaslamp ,20,individual_sleeper,3,no,,-117.1593257,32.71547175
257,9/25/2015 7:00,Gaslamp ,20,individual_sleeper,8,no,,-117.1609515,32.71282395
278,9/25/2015 7:00,Gaslamp ,20,individual_sleeper,2,no,,-117.1602094,32.71171787
309,9/25/2015 7:00,Gaslamp ,20,individual_sleeper,2,no,,-117.1593152,32.71057751
345,9/25/2015 7:00,Gaslamp ,20,individual_sleeper,2,no,,-117.1592666,32.70752821
355,9/25/2015 7:00,Gaslamp ,20,individual_sleeper,1,no,,-117.1600026,32.70816341
387,9/25/2015 7:00,Gaslamp ,20,individual_sleeper,5,no,,-117.1592803,32.70682193
370,9/27/2017 7:00,Gaslamp,46,individual_sleeper,3,no,66,-117.16095,32.71543
382,9/27/2017 7:00,Gaslamp,46,individual_sleeper,1,no,66,-117.16003,32.71541
392,9/27/2017 7:00,Gaslamp,46,individual_sleeper,3,no,66,-117.16003,32.71508
399,9/27/2017 7:00,Gaslamp,46,individual_sleeper,1,no,66,-117.16093,32.71454
403,9/27/2017 7:00,Gaslamp,46,individual_sleeper,2,no,66,-117.16061,32.71455
410,9/27/2017 7:00,Gaslamp,46,individual_sleeper,3,no,66,-117.16027,32.71413
416,9/27/2017 7:00,Gaslamp,46,individual_sleeper,1,no,66,-117.16059,32.71372
425,9/27/2017 7:00,Gaslamp,46,individual_sleeper,4,no,66,-117.16094,32.71386
433,9/27/2017 7:00,Gaslamp,46,individual_sleeper,1,no,66,-117.16002,32.71428
438,9/27/2017 7:00,Gaslamp,46,individual_sleeper,1,no,66,-117.1606,32.7135
442,9/27/2017 7:00,Gaslamp,46,individual_sleeper,1,no,66,-117.16026,32.71309
446,9/27/2017 7:00,Gaslamp,46,individual_sleeper,1,no,66,-117.16093,32.71308
454,9/27/2017 7:00,Gaslamp,46,individual_sleeper,2,no,66,-117.1606,32.71267
458,9/27/2017 7:00,Gaslamp,46,individual_sleeper,1,no,66,-117.15937,32.71351
464,9/27/2017 7:00,Gaslamp,46,individual_sleeper,6,no,66,-117.15935,32.71312
467,9/27/2017 7:00,Gaslamp,46,individual_sleeper,2,no,66,-117.15935,32.71268
473,9/27/2017 7:00,Gaslamp,46,individual_sleeper,3,no,66,-117.16001,32.71266
480,9/27/2017 7:00,Gaslamp,46,individual_sleeper,1,no,66,-117.16002,32.71302
486,9/27/2017 7:00,Gaslamp,46,individual_sleeper,2,no,66,-117.16058,32.71246
488,9/27/2017 7:00,Gaslamp,46,individual_sleeper,2,no,66,-117.16002,32.712
512,9/27/2017 7:00,Gaslamp,46,individual_sleeper,1,no,66,-117.16091,32.71094
513,9/27/2017 7:00,Gaslamp,46,individual_sleeper,2,no,66,-117.16024,32.7109
516,9/27/2017 7:00,Gaslamp,46,individual_sleeper,2,no,66,-117.16,32.71105
520,9/27/2017 7:00,Gaslamp,46,individual_sleeper,2,no,66,-117.15934,32.71108
524,9/27/2017 7:00,Gaslamp,46,individual_sleeper,1,no,66,-117.15934,32.71066
528,9/27/2017 7:00,Gaslamp,46,individual_sleeper,1,no,66,-117.1608,32.71032
532,9/27/2017 7:00,Gaslamp,46,individual_sleeper,1,no,66,-117.16023,32.70993
534,9/27/2017 7:00,Gaslamp,46,individual_sleeper,1,no,66,-117.15998,32.71003
540,9/27/2017 7:00,Gaslamp,46,individual_sleeper,7,no,66,-117.1609,32.70883
544,9/27/2017 7:00,Gaslamp,46,individual_sleeper,1,no,66,-117.15928,32.70929
547,9/27/2017 7:00,Gaslamp,46,individual_sleeper,6,no,66,-117.15932,32.70821
555,9/27/2017 7:00,Gaslamp,46,individual_sleeper,18,no,66,-117.15934,32.70683
